RunId,iteration,Step,cfg,Escaped,Dead,Alive,FireCells,SmokeCells,MeanHealth,EvacuationRate,Panicking,Rescuing,AgentID,State,Health,Row,Col,Age,Risk,Strategy,FamilyID,EscapeStep,CellsTraversed,HazardCellsCrossed,StepsInSmoke,StepsInFire,CommsReceived,RescueCompleted,ExitChosen_r,ExitChosen_c
0,0,43,"SimulationConfig(layout_path='room_layouts/supermarket3.txt', num_agents=30, num_communicative=30, seed=0, max_steps=2000, agent=AgentConfig(health=100, risk_range=(0.1, 0.9), perception_range=5, communication_range=5, strategies={'nearest_exit': 10, 'safest_exit': 10, 'least_crowded_exit': 10}), family=FamilyConfig(num_families=6, min_size=2, max_size=3, rescue_timeout=30), fire=FireConfig(fire_spread_prob=0.6, smoke_spread_prob=0.3, fire_interval=5, smoke_interval=4, smoke_damage=2, fire_damage=50), age_min=18, age_max=80, speed_young=1.0, speed_old=0.5)",28,0,2,128,12,72.0,0.9333333333333333,0,0,23,escaped,100,1,18,71,0.8828574006764116,safest_exit,,5,2,0,0,0,5,False,1,18
0,0,43,"SimulationConfig(layout_path='room_layouts/supermarket3.txt', num_agents=30, num_communicative=30, seed=0, max_steps=2000, agent=AgentConfig(health=100, risk_range=(0.1, 0.9), perception_range=5, communication_range=5, strategies={'nearest_exit': 10, 'safest_exit': 10, 'least_crowded_exit': 10}), family=FamilyConfig(num_families=6, min_size=2, max_size=3, rescue_timeout=30), fire=FireConfig(fire_spread_prob=0.6, smoke_spread_prob=0.3, fire_interval=5, smoke_interval=4, smoke_damage=2, fire_damage=50), age_min=18, age_max=80, speed_young=1.0, speed_old=0.5)",28,0,2,128,12,72.0,0.9333333333333333,0,0,5,escaped,100,14,18,46,0.2784782566869223,safest_exit,3.0,21,16,0,0,0,18,False,14,18
0,0,43,"SimulationConfig(layout_path='room_layouts/supermarket3.txt', num_agents=30, num_communicative=30, seed=0, max_steps=2000, agent=AgentConfig(health=100, risk_range=(0.1, 0.9), perception_range=5, communication_range=5, strategies={'nearest_exit': 10, 'safest_exit': 10, 'least_crowded_exit': 10}), family=FamilyConfig(num_families=6, min_size=2, max_size=3, rescue_timeout=30), fire=FireConfig(fire_spread_prob=0.6, smoke_spread_prob=0.3, fire_interval=5, smoke_interval=4, smoke_damage=2, fire_damage=50), age_min=18, age_max=80, speed_young=1.0, speed_old=0.5)",28,0,2,128,12,72.0,0.9333333333333333,0,0,10,escaped,100,1,18,60,0.4345812426339729,safest_exit,,27,17,0,0,0,6,False,1,18
0,0,43,"SimulationConfig(layout_path='room_layouts/supermarket3.txt', num_agents=30, num_communicative=30, seed=0, max_steps=2000, agent=AgentConfig(health=100, risk_range=(0.1, 0.9), perception_range=5, communication_range=5, strategies={'nearest_exit': 10, 'safest_exit': 10, 'least_crowded_exit': 10}), family=FamilyConfig(num_families=6, min_size=2, max_size=3, rescue_timeout=30), fire=FireConfig(fire_spread_prob=0.6, smoke_spread_prob=0.3, fire_interval=5, smoke_interval=4, smoke_damage=2, fire_damage=50), age_min=18, age_max=80, speed_young=1.0, speed_old=0.5)",28,0,2,128,12,72.0,0.9333333333333333,0,0,17,escaped,100,1,18,38,0.13112814721216362,nearest_exit,,10,8,0,0,0,8,False,1,18
0,0,43,"SimulationConfig(layout_path='room_layouts/supermarket3.txt', num_agents=30, num_communicative=30, seed=0, max_steps=2000, agent=AgentConfig(health=100, risk_range=(0.1, 0.9), perception_range=5, communication_range=5, strategies={'nearest_exit': 10, 'safest_exit': 10, 'least_crowded_exit': 10}), family=FamilyConfig(num_families=6, min_size=2, max_size=3, rescue_timeout=30), fire=FireConfig(fire_spread_prob=0.6, smoke_spread_prob=0.3, fire_interval=5, smoke_interval=4, smoke_damage=2, fire_damage=50), age_min=18, age_max=80, speed_young=1.0, speed_old=0.5)",28,0,2,128,12,72.0,0.9333333333333333,0,0,3,escaped,100,14,1,62,0.5756615411776872,least_crowded_exit,0.0,4,2,0,0,0,1,False,14,1
0,0,43,"SimulationConfig(layout_path='room_layouts/supermarket3.txt', num_agents=30, num_communicative=30, seed=0, max_steps=2000, agent=AgentConfig(health=100, risk_range=(0.1, 0.9), perception_range=5, communication_range=5, strategies={'nearest_exit': 10, 'safest_exit': 10, 'least_crowded_exit': 10}), family=FamilyConfig(num_families=6, min_size=2, max_size=3, rescue_timeout=30), fire=FireConfig(fire_spread_prob=0.6, smoke_spread_prob=0.3, fire_interval=5, smoke_interval=4, smoke_damage=2, fire_damage=50), age_min=18, age_max=80, speed_young=1.0, speed_old=0.5)",28,0,2,128,12,72.0,0.9333333333333333,0,0,16,escaped,100,14,18,74,0.704387813806946,safest_exit,,1,0,0,0,0,3,False,14,18
0,0,43,"SimulationConfig(layout_path='room_layouts/supermarket3.txt', num_agents=30, num_communicative=30, seed=0, max_steps=2000, agent=AgentConfig(health=100, risk_range=(0.1, 0.9), perception_range=5, communication_range=5, strategies={'nearest_exit': 10, 'safest_exit': 10, 'least_crowded_exit': 10}), family=FamilyConfig(num_families=6, min_size=2, max_size=3, rescue_timeout=30), fire=FireConfig(fire_spread_prob=0.6, smoke_spread_prob=0.3, fire_interval=5, smoke_interval=4, smoke_damage=2, fire_damage=50), age_min=18, age_max=80, speed_young=1.0, speed_old=0.5)",28,0,2,128,12,72.0,0.9333333333333333,0,0,0,escaped,100,1,18,42,0.672495480241165,nearest_exit,5.0,8,4,0,0,0,6,True,1,18
0,0,43,"SimulationConfig(layout_path='room_layouts/supermarket3.txt', num_agents=30, num_communicative=30, seed=0, max_steps=2000, agent=AgentConfig(health=100, risk_range=(0.1, 0.9), perception_range=5, communication_range=5, strategies={'nearest_exit': 10, 'safest_exit': 10, 'least_crowded_exit': 10}), family=FamilyConfig(num_families=6, min_size=2, max_size=3, rescue_timeout=30), fire=FireConfig(fire_spread_prob=0.6, smoke_spread_prob=0.3, fire_interval=5, smoke_interval=4, smoke_damage=2, fire_damage=50), age_min=18, age_max=80, speed_young=1.0, speed_old=0.5)",28,0,2,128,12,72.0,0.9333333333333333,0,0,24,escaped,100,14,1,18,0.6804434843690499,least_crowded_exit,,11,11,0,0,0,6,False,14,1
0,0,43,"SimulationConfig(layout_path='room_layouts/supermarket3.txt', num_agents=30, num_communicative=30, seed=0, max_steps=2000, agent=AgentConfig(health=100, risk_range=(0.1, 0.9), perception_range=5, communication_range=5, strategies={'nearest_exit': 10, 'safest_exit': 10, 'least_crowded_exit': 10}), family=FamilyConfig(num_families=6, min_size=2, max_size=3, rescue_timeout=30), fire=FireConfig(fire_spread_prob=0.6, smoke_spread_prob=0.3, fire_interval=5, smoke_interval=4, smoke_damage=2, fire_damage=50), age_min=18, age_max=80, speed_young=1.0, speed_old=0.5)",28,0,2,128,12,72.0,0.9333333333333333,0,0,11,escaped,100,14,1,28,0.6672048273490648,least_crowded_exit,,6,5,0,0,0,2,False,14,1
0,0,43,"SimulationConfig(layout_path='room_layouts/supermarket3.txt', num_agents=30, num_communicative=30, seed=0, max_steps=2000, agent=AgentConfig(health=100, risk_range=(0.1, 0.9), perception_range=5, communication_range=5, strategies={'nearest_exit': 10, 'safest_exit': 10, 'least_crowded_exit': 10}), family=FamilyConfig(num_families=6, min_size=2, max_size=3, rescue_timeout=30), fire=FireConfig(fire_spread_prob=0.6, smoke_spread_prob=0.3, fire_interval=5, smoke_interval=4, smoke_damage=2, fire_damage=50), age_min=18, age_max=80, speed_young=1.0, speed_old=0.5)",28,0,2,128,12,72.0,0.9333333333333333,0,0,6,escaped,100,14,18,74,0.40291845625847555,least_crowded_exit,1.0,17,9,0,0,0,20,True,14,18
0,0,43,"SimulationConfig(layout_path='room_layouts/supermarket3.txt', num_agents=30, num_communicative=30, seed=0, max_steps=2000, agent=AgentConfig(health=100, risk_range=(0.1, 0.9), perception_range=5, communication_range=5, strategies={'nearest_exit': 10, 'safest_exit': 10, 'least_crowded_exit': 10}), family=FamilyConfig(num_families=6, min_size=2, max_size=3, rescue_timeout=30), fire=FireConfig(fire_spread_prob=0.6, smoke_spread_prob=0.3, fire_interval=5, smoke_interval=4, smoke_damage=2, fire_damage=50), age_min=18, age_max=80, speed_young=1.0, speed_old=0.5)",28,0,2,128,12,72.0,0.9333333333333333,0,0,20,escaped,100,14,18,69,0.8000130651842169,nearest_exit,2.0,27,15,0,0,0,27,False,14,18
0,0,43,"SimulationConfig(layout_path='room_layouts/supermarket3.txt', num_agents=30, num_communicative=30, seed=0, max_steps=2000, agent=AgentConfig(health=100, risk_range=(0.1, 0.9), perception_range=5, communication_range=5, strategies={'nearest_exit': 10, 'safest_exit': 10, 'least_crowded_exit': 10}), family=FamilyConfig(num_families=6, min_size=2, max_size=3, rescue_timeout=30), fire=FireConfig(fire_spread_prob=0.6, smoke_spread_prob=0.3, fire_interval=5, smoke_interval=4, smoke_damage=2, fire_damage=50), age_min=18, age_max=80, speed_young=1.0, speed_old=0.5)",28,0,2,128,12,72.0,0.9333333333333333,0,0,28,escaped,100,14,18,80,0.7038030564925525,safest_exit,1.0,21,10,0,0,0,23,False,14,18
0,0,43,"SimulationConfig(layout_path='room_layouts/supermarket3.txt', num_agents=30, num_communicative=30, seed=0, max_steps=2000, agent=AgentConfig(health=100, risk_range=(0.1, 0.9), perception_range=5, communication_range=5, strategies={'nearest_exit': 10, 'safest_exit': 10, 'least_crowded_exit': 10}), family=FamilyConfig(num_families=6, min_size=2, max_size=3, rescue_timeout=30), fire=FireConfig(fire_spread_prob=0.6, smoke_spread_prob=0.3, fire_interval=5, smoke_interval=4, smoke_damage=2, fire_damage=50), age_min=18, age_max=80, speed_young=1.0, speed_old=0.5)",28,0,2,128,12,72.0,0.9333333333333333,0,0,25,escaped,100,14,18,61,0.42145345777003484,nearest_exit,,13,8,0,0,0,15,False,14,18
0,0,43,"SimulationConfig(layout_path='room_layouts/supermarket3.txt', num_agents=30, num_communicative=30, seed=0, max_steps=2000, agent=AgentConfig(health=100, risk_range=(0.1, 0.9), perception_range=5, communication_range=5, strategies={'nearest_exit': 10, 'safest_exit': 10, 'least_crowded_exit': 10}), family=FamilyConfig(num_families=6, min_size=2, max_size=3, rescue_timeout=30), fire=FireConfig(fire_spread_prob=0.6, smoke_spread_prob=0.3, fire_interval=5, smoke_interval=4, smoke_damage=2, fire_damage=50), age_min=18, age_max=80, speed_young=1.0, speed_old=0.5)",28,0,2,128,12,72.0,0.9333333333333333,0,0,13,escaped,100,14,1,46,0.6612129340033922,least_crowded_exit,,10,7,0,0,0,4,False,14,1
0,0,43,"SimulationConfig(layout_path='room_layouts/supermarket3.txt', num_agents=30, num_communicative=30, seed=0, max_steps=2000, agent=AgentConfig(health=100, risk_range=(0.1, 0.9), perception_range=5, communication_range=5, strategies={'nearest_exit': 10, 'safest_exit': 10, 'least_crowded_exit': 10}), family=FamilyConfig(num_families=6, min_size=2, max_size=3, rescue_timeout=30), fire=FireConfig(fire_spread_prob=0.6, smoke_spread_prob=0.3, fire_interval=5, smoke_interval=4, smoke_damage=2, fire_damage=50), age_min=18, age_max=80, speed_young=1.0, speed_old=0.5)",28,0,2,128,12,72.0,0.9333333333333333,0,0,18,escaped,100,14,18,47,0.3496465971334984,safest_exit,,19,14,0,0,0,18,False,14,18
0,0,43,"SimulationConfig(layout_path='room_layouts/supermarket3.txt', num_agents=30, num_communicative=30, seed=0, max_steps=2000, agent=AgentConfig(health=100, risk_range=(0.1, 0.9), perception_range=5, communication_range=5, strategies={'nearest_exit': 10, 'safest_exit': 10, 'least_crowded_exit': 10}), family=FamilyConfig(num_families=6, min_size=2, max_size=3, rescue_timeout=30), fire=FireConfig(fire_spread_prob=0.6, smoke_spread_prob=0.3, fire_interval=5, smoke_interval=4, smoke_damage=2, fire_damage=50), age_min=18, age_max=80, speed_young=1.0, speed_old=0.5)",28,0,2,128,12,72.0,0.9333333333333333,0,0,8,escaped,46,14,18,43,0.43152511734691545,nearest_exit,3.0,38,30,1,3,1,8,True,14,18
0,0,43,"SimulationConfig(layout_path='room_layouts/supermarket3.txt', num_agents=30, num_communicative=30, seed=0, max_steps=2000, agent=AgentConfig(health=100, risk_range=(0.1, 0.9), perception_range=5, communication_range=5, strategies={'nearest_exit': 10, 'safest_exit': 10, 'least_crowded_exit': 10}), family=FamilyConfig(num_families=6, min_size=2, max_size=3, rescue_timeout=30), fire=FireConfig(fire_spread_prob=0.6, smoke_spread_prob=0.3, fire_interval=5, smoke_interval=4, smoke_damage=2, fire_damage=50), age_min=18, age_max=80, speed_young=1.0, speed_old=0.5)",28,0,2,128,12,72.0,0.9333333333333333,0,0,9,escaped,100,14,18,54,0.7973505538811064,safest_exit,2.0,30,24,0,0,0,23,True,14,18
0,0,43,"SimulationConfig(layout_path='room_layouts/supermarket3.txt', num_agents=30, num_communicative=30, seed=0, max_steps=2000, agent=AgentConfig(health=100, risk_range=(0.1, 0.9), perception_range=5, communication_range=5, strategies={'nearest_exit': 10, 'safest_exit': 10, 'least_crowded_exit': 10}), family=FamilyConfig(num_families=6, min_size=2, max_size=3, rescue_timeout=30), fire=FireConfig(fire_spread_prob=0.6, smoke_spread_prob=0.3, fire_interval=5, smoke_interval=4, smoke_damage=2, fire_damage=50), age_min=18, age_max=80, speed_young=1.0, speed_old=0.5)",28,0,2,128,12,72.0,0.9333333333333333,0,0,2,escaped,100,1,18,18,0.6206662898106761,safest_exit,5.0,12,11,0,0,0,11,True,1,18
0,0,43,"SimulationConfig(layout_path='room_layouts/supermarket3.txt', num_agents=30, num_communicative=30, seed=0, max_steps=2000, agent=AgentConfig(health=100, risk_range=(0.1, 0.9), perception_range=5, communication_range=5, strategies={'nearest_exit': 10, 'safest_exit': 10, 'least_crowded_exit': 10}), family=FamilyConfig(num_families=6, min_size=2, max_size=3, rescue_timeout=30), fire=FireConfig(fire_spread_prob=0.6, smoke_spread_prob=0.3, fire_interval=5, smoke_interval=4, smoke_damage=2, fire_damage=50), age_min=18, age_max=80, speed_young=1.0, speed_old=0.5)",28,0,2,128,12,72.0,0.9333333333333333,0,0,26,escaped,98,14,18,18,0.43398806045160965,safest_exit,3.0,23,21,1,2,0,18,True,14,18
0,0,43,"SimulationConfig(layout_path='room_layouts/supermarket3.txt', num_agents=30, num_communicative=30, seed=0, max_steps=2000, agent=AgentConfig(health=100, risk_range=(0.1, 0.9), perception_range=5, communication_range=5, strategies={'nearest_exit': 10, 'safest_exit': 10, 'least_crowded_exit': 10}), family=FamilyConfig(num_families=6, min_size=2, max_size=3, rescue_timeout=30), fire=FireConfig(fire_spread_prob=0.6, smoke_spread_prob=0.3, fire_interval=5, smoke_interval=4, smoke_damage=2, fire_damage=50), age_min=18, age_max=80, speed_young=1.0, speed_old=0.5)",28,0,2,128,12,72.0,0.9333333333333333,0,0,4,escaped,100,1,18,33,0.3675213525300013,nearest_exit,5.0,2,1,0,0,0,3,False,1,18
0,0,43,"SimulationConfig(layout_path='room_layouts/supermarket3.txt', num_agents=30, num_communicative=30, seed=0, max_steps=2000, agent=AgentConfig(health=100, risk_range=(0.1, 0.9), perception_range=5, communication_range=5, strategies={'nearest_exit': 10, 'safest_exit': 10, 'least_crowded_exit': 10}), family=FamilyConfig(num_families=6, min_size=2, max_size=3, rescue_timeout=30), fire=FireConfig(fire_spread_prob=0.6, smoke_spread_prob=0.3, fire_interval=5, smoke_interval=4, smoke_damage=2, fire_damage=50), age_min=18, age_max=80, speed_young=1.0, speed_old=0.5)",28,0,2,128,12,72.0,0.9333333333333333,0,0,15,escaped,100,1,18,56,0.8264318857276732,nearest_exit,4.0,20,13,0,0,0,8,True,1,18
0,0,43,"SimulationConfig(layout_path='room_layouts/supermarket3.txt', num_agents=30, num_communicative=30, seed=0, max_steps=2000, agent=AgentConfig(health=100, risk_range=(0.1, 0.9), perception_range=5, communication_range=5, strategies={'nearest_exit': 10, 'safest_exit': 10, 'least_crowded_exit': 10}), family=FamilyConfig(num_families=6, min_size=2, max_size=3, rescue_timeout=30), fire=FireConfig(fire_spread_prob=0.6, smoke_spread_prob=0.3, fire_interval=5, smoke_interval=4, smoke_damage=2, fire_damage=50), age_min=18, age_max=80, speed_young=1.0, speed_old=0.5)",28,0,2,128,12,72.0,0.9333333333333333,0,0,27,evacuating,44,2,18,63,0.27081972965175694,least_crowded_exit,2.0,-1,30,0,3,1,21,True,1,18
0,0,43,"SimulationConfig(layout_path='room_layouts/supermarket3.txt', num_agents=30, num_communicative=30, seed=0, max_steps=2000, agent=AgentConfig(health=100, risk_range=(0.1, 0.9), perception_range=5, communication_range=5, strategies={'nearest_exit': 10, 'safest_exit': 10, 'least_crowded_exit': 10}), family=FamilyConfig(num_families=6, min_size=2, max_size=3, rescue_timeout=30), fire=FireConfig(fire_spread_prob=0.6, smoke_spread_prob=0.3, fire_interval=5, smoke_interval=4, smoke_damage=2, fire_damage=50), age_min=18, age_max=80, speed_young=1.0, speed_old=0.5)",28,0,2,128,12,72.0,0.9333333333333333,0,0,1,escaped,100,14,1,71,0.6987887049580692,least_crowded_exit,,5,2,0,0,0,2,False,14,1
0,0,43,"SimulationConfig(layout_path='room_layouts/supermarket3.txt', num_agents=30, num_communicative=30, seed=0, max_steps=2000, agent=AgentConfig(health=100, risk_range=(0.1, 0.9), perception_range=5, communication_range=5, strategies={'nearest_exit': 10, 'safest_exit': 10, 'least_crowded_exit': 10}), family=FamilyConfig(num_families=6, min_size=2, max_size=3, rescue_timeout=30), fire=FireConfig(fire_spread_prob=0.6, smoke_spread_prob=0.3, fire_interval=5, smoke_interval=4, smoke_damage=2, fire_damage=50), age_min=18, age_max=80, speed_young=1.0, speed_old=0.5)",28,0,2,128,12,72.0,0.9333333333333333,0,0,22,escaped,98,14,18,58,0.8995362875642643,safest_exit,,29,19,0,1,0,18,False,14,18
0,0,43,"SimulationConfig(layout_path='room_layouts/supermarket3.txt', num_agents=30, num_communicative=30, seed=0, max_steps=2000, agent=AgentConfig(health=100, risk_range=(0.1, 0.9), perception_range=5, communication_range=5, strategies={'nearest_exit': 10, 'safest_exit': 10, 'least_crowded_exit': 10}), family=FamilyConfig(num_families=6, min_size=2, max_size=3, rescue_timeout=30), fire=FireConfig(fire_spread_prob=0.6, smoke_spread_prob=0.3, fire_interval=5, smoke_interval=4, smoke_damage=2, fire_damage=50), age_min=18, age_max=80, speed_young=1.0, speed_old=0.5)",28,0,2,128,12,72.0,0.9333333333333333,0,0,19,escaped,100,14,18,70,0.13988559728292138,nearest_exit,0.0,10,5,0,0,0,8,False,14,18
0,0,43,"SimulationConfig(layout_path='room_layouts/supermarket3.txt', num_agents=30, num_communicative=30, seed=0, max_steps=2000, agent=AgentConfig(health=100, risk_range=(0.1, 0.9), perception_range=5, communication_range=5, strategies={'nearest_exit': 10, 'safest_exit': 10, 'least_crowded_exit': 10}), family=FamilyConfig(num_families=6, min_size=2, max_size=3, rescue_timeout=30), fire=FireConfig(fire_spread_prob=0.6, smoke_spread_prob=0.3, fire_interval=5, smoke_interval=4, smoke_damage=2, fire_damage=50), age_min=18, age_max=80, speed_young=1.0, speed_old=0.5)",28,0,2,128,12,72.0,0.9333333333333333,0,0,29,evacuating,100,1,17,51,0.7581851284251326,least_crowded_exit,1.0,-1,31,0,0,0,23,True,1,18
0,0,43,"SimulationConfig(layout_path='room_layouts/supermarket3.txt', num_agents=30, num_communicative=30, seed=0, max_steps=2000, agent=AgentConfig(health=100, risk_range=(0.1, 0.9), perception_range=5, communication_range=5, strategies={'nearest_exit': 10, 'safest_exit': 10, 'least_crowded_exit': 10}), family=FamilyConfig(num_families=6, min_size=2, max_size=3, rescue_timeout=30), fire=FireConfig(fire_spread_prob=0.6, smoke_spread_prob=0.3, fire_interval=5, smoke_interval=4, smoke_damage=2, fire_damage=50), age_min=18, age_max=80, speed_young=1.0, speed_old=0.5)",28,0,2,128,12,72.0,0.9333333333333333,0,0,7,escaped,100,14,18,73,0.6390201602467979,nearest_exit,,14,7,0,0,0,11,False,14,18
0,0,43,"SimulationConfig(layout_path='room_layouts/supermarket3.txt', num_agents=30, num_communicative=30, seed=0, max_steps=2000, agent=AgentConfig(health=100, risk_range=(0.1, 0.9), perception_range=5, communication_range=5, strategies={'nearest_exit': 10, 'safest_exit': 10, 'least_crowded_exit': 10}), family=FamilyConfig(num_families=6, min_size=2, max_size=3, rescue_timeout=30), fire=FireConfig(fire_spread_prob=0.6, smoke_spread_prob=0.3, fire_interval=5, smoke_interval=4, smoke_damage=2, fire_damage=50), age_min=18, age_max=80, speed_young=1.0, speed_old=0.5)",28,0,2,128,12,72.0,0.9333333333333333,0,0,14,escaped,100,1,18,49,0.5220585041340917,nearest_exit,,3,2,0,0,0,4,False,1,18
0,0,43,"SimulationConfig(layout_path='room_layouts/supermarket3.txt', num_agents=30, num_communicative=30, seed=0, max_steps=2000, agent=AgentConfig(health=100, risk_range=(0.1, 0.9), perception_range=5, communication_range=5, strategies={'nearest_exit': 10, 'safest_exit': 10, 'least_crowded_exit': 10}), family=FamilyConfig(num_families=6, min_size=2, max_size=3, rescue_timeout=30), fire=FireConfig(fire_spread_prob=0.6, smoke_spread_prob=0.3, fire_interval=5, smoke_interval=4, smoke_damage=2, fire_damage=50), age_min=18, age_max=80, speed_young=1.0, speed_old=0.5)",28,0,2,128,12,72.0,0.9333333333333333,0,0,21,escaped,100,14,18,53,0.43210992925167857,least_crowded_exit,,6,4,0,0,0,6,False,14,18
0,0,43,"SimulationConfig(layout_path='room_layouts/supermarket3.txt', num_agents=30, num_communicative=30, seed=0, max_steps=2000, agent=AgentConfig(health=100, risk_range=(0.1, 0.9), perception_range=5, communication_range=5, strategies={'nearest_exit': 10, 'safest_exit': 10, 'least_crowded_exit': 10}), family=FamilyConfig(num_families=6, min_size=2, max_size=3, rescue_timeout=30), fire=FireConfig(fire_spread_prob=0.6, smoke_spread_prob=0.3, fire_interval=5, smoke_interval=4, smoke_damage=2, fire_damage=50), age_min=18, age_max=80, speed_young=1.0, speed_old=0.5)",28,0,2,128,12,72.0,0.9333333333333333,0,0,12,escaped,100,1,18,34,0.4562817517750639,least_crowded_exit,4.0,14,12,0,0,0,5,False,1,18
1,0,38,"SimulationConfig(layout_path='room_layouts/supermarket3.txt', num_agents=30, num_communicative=30, seed=1, max_steps=2000, agent=AgentConfig(health=100, risk_range=(0.1, 0.9), perception_range=5, communication_range=5, strategies={'nearest_exit': 10, 'safest_exit': 10, 'least_crowded_exit': 10}), family=FamilyConfig(num_families=6, min_size=2, max_size=3, rescue_timeout=30), fire=FireConfig(fire_spread_prob=0.6, smoke_spread_prob=0.3, fire_interval=5, smoke_interval=4, smoke_damage=2, fire_damage=50), age_min=18, age_max=80, speed_young=1.0, speed_old=0.5)",26,3,1,97,26,100.0,0.8666666666666667,0,0,10,escaped,100,14,1,73,0.3602765239007971,safest_exit,3.0,28,20,0,0,0,13,True,14,1
1,0,38,"SimulationConfig(layout_path='room_layouts/supermarket3.txt', num_agents=30, num_communicative=30, seed=1, max_steps=2000, agent=AgentConfig(health=100, risk_range=(0.1, 0.9), perception_range=5, communication_range=5, strategies={'nearest_exit': 10, 'safest_exit': 10, 'least_crowded_exit': 10}), family=FamilyConfig(num_families=6, min_size=2, max_size=3, rescue_timeout=30), fire=FireConfig(fire_spread_prob=0.6, smoke_spread_prob=0.3, fire_interval=5, smoke_interval=4, smoke_damage=2, fire_damage=50), age_min=18, age_max=80, speed_young=1.0, speed_old=0.5)",26,3,1,97,26,100.0,0.8666666666666667,0,0,28,escaped,100,14,1,39,0.39448639952451925,least_crowded_exit,,4,3,0,0,0,2,False,14,1
1,0,38,"SimulationConfig(layout_path='room_layouts/supermarket3.txt', num_agents=30, num_communicative=30, seed=1, max_steps=2000, agent=AgentConfig(health=100, risk_range=(0.1, 0.9), perception_range=5, communication_range=5, strategies={'nearest_exit': 10, 'safest_exit': 10, 'least_crowded_exit': 10}), family=FamilyConfig(num_families=6, min_size=2, max_size=3, rescue_timeout=30), fire=FireConfig(fire_spread_prob=0.6, smoke_spread_prob=0.3, fire_interval=5, smoke_interval=4, smoke_damage=2, fire_damage=50), age_min=18, age_max=80, speed_young=1.0, speed_old=0.5)",26,3,1,97,26,100.0,0.8666666666666667,0,0,0,escaped,100,14,1,73,0.23721367614217492,nearest_exit,,16,8,0,0,0,10,False,14,1
1,0,38,"SimulationConfig(layout_path='room_layouts/supermarket3.txt', num_agents=30, num_communicative=30, seed=1, max_steps=2000, agent=AgentConfig(health=100, risk_range=(0.1, 0.9), perception_range=5, communication_range=5, strategies={'nearest_exit': 10, 'safest_exit': 10, 'least_crowded_exit': 10}), family=FamilyConfig(num_families=6, min_size=2, max_size=3, rescue_timeout=30), fire=FireConfig(fire_spread_prob=0.6, smoke_spread_prob=0.3, fire_interval=5, smoke_interval=4, smoke_damage=2, fire_damage=50), age_min=18, age_max=80, speed_young=1.0, speed_old=0.5)",26,3,1,97,26,100.0,0.8666666666666667,0,0,15,escaped,100,1,18,45,0.20811451279577994,nearest_exit,1.0,9,4,0,0,0,6,True,1,18
1,0,38,"SimulationConfig(layout_path='room_layouts/supermarket3.txt', num_agents=30, num_communicative=30, seed=1, max_steps=2000, agent=AgentConfig(health=100, risk_range=(0.1, 0.9), perception_range=5, communication_range=5, strategies={'nearest_exit': 10, 'safest_exit': 10, 'least_crowded_exit': 10}), family=FamilyConfig(num_families=6, min_size=2, max_size=3, rescue_timeout=30), fire=FireConfig(fire_spread_prob=0.6, smoke_spread_prob=0.3, fire_interval=5, smoke_interval=4, smoke_damage=2, fire_damage=50), age_min=18, age_max=80, speed_young=1.0, speed_old=0.5)",26,3,1,97,26,100.0,0.8666666666666667,0,0,7,escaped,100,14,1,78,0.49388060035958414,least_crowded_exit,,13,6,0,0,0,9,False,14,1
1,0,38,"SimulationConfig(layout_path='room_layouts/supermarket3.txt', num_agents=30, num_communicative=30, seed=1, max_steps=2000, agent=AgentConfig(health=100, risk_range=(0.1, 0.9), perception_range=5, communication_range=5, strategies={'nearest_exit': 10, 'safest_exit': 10, 'least_crowded_exit': 10}), family=FamilyConfig(num_families=6, min_size=2, max_size=3, rescue_timeout=30), fire=FireConfig(fire_spread_prob=0.6, smoke_spread_prob=0.3, fire_interval=5, smoke_interval=4, smoke_damage=2, fire_damage=50), age_min=18, age_max=80, speed_young=1.0, speed_old=0.5)",26,3,1,97,26,100.0,0.8666666666666667,0,0,23,escaped,100,14,18,26,0.13232036283421655,least_crowded_exit,,14,13,0,0,0,10,False,14,18
1,0,38,"SimulationConfig(layout_path='room_layouts/supermarket3.txt', num_agents=30, num_communicative=30, seed=1, max_steps=2000, agent=AgentConfig(health=100, risk_range=(0.1, 0.9), perception_range=5, communication_range=5, strategies={'nearest_exit': 10, 'safest_exit': 10, 'least_crowded_exit': 10}), family=FamilyConfig(num_families=6, min_size=2, max_size=3, rescue_timeout=30), fire=FireConfig(fire_spread_prob=0.6, smoke_spread_prob=0.3, fire_interval=5, smoke_interval=4, smoke_damage=2, fire_damage=50), age_min=18, age_max=80, speed_young=1.0, speed_old=0.5)",26,3,1,97,26,100.0,0.8666666666666667,0,0,6,dead,0,6,9,30,0.446360096880253,nearest_exit,,-1,0,0,0,2,2,False,1,18
1,0,38,"SimulationConfig(layout_path='room_layouts/supermarket3.txt', num_agents=30, num_communicative=30, seed=1, max_steps=2000, agent=AgentConfig(health=100, risk_range=(0.1, 0.9), perception_range=5, communication_range=5, strategies={'nearest_exit': 10, 'safest_exit': 10, 'least_crowded_exit': 10}), family=FamilyConfig(num_families=6, min_size=2, max_size=3, rescue_timeout=30), fire=FireConfig(fire_spread_prob=0.6, smoke_spread_prob=0.3, fire_interval=5, smoke_interval=4, smoke_damage=2, fire_damage=50), age_min=18, age_max=80, speed_young=1.0, speed_old=0.5)",26,3,1,97,26,100.0,0.8666666666666667,0,0,18,escaped,100,14,18,40,0.8457499775149019,nearest_exit,2.0,7,5,0,0,0,4,False,14,18
1,0,38,"SimulationConfig(layout_path='room_layouts/supermarket3.txt', num_agents=30, num_communicative=30, seed=1, max_steps=2000, agent=AgentConfig(health=100, risk_range=(0.1, 0.9), perception_range=5, communication_range=5, strategies={'nearest_exit': 10, 'safest_exit': 10, 'least_crowded_exit': 10}), family=FamilyConfig(num_families=6, min_size=2, max_size=3, rescue_timeout=30), fire=FireConfig(fire_spread_prob=0.6, smoke_spread_prob=0.3, fire_interval=5, smoke_interval=4, smoke_damage=2, fire_damage=50), age_min=18, age_max=80, speed_young=1.0, speed_old=0.5)",26,3,1,97,26,100.0,0.8666666666666667,0,0,24,escaped,100,14,1,76,0.23575531343551007,least_crowded_exit,0.0,15,7,0,0,0,8,False,14,1
1,0,38,"SimulationConfig(layout_path='room_layouts/supermarket3.txt', num_agents=30, num_communicative=30, seed=1, max_steps=2000, agent=AgentConfig(health=100, risk_range=(0.1, 0.9), perception_range=5, communication_range=5, strategies={'nearest_exit': 10, 'safest_exit': 10, 'least_crowded_exit': 10}), family=FamilyConfig(num_families=6, min_size=2, max_size=3, rescue_timeout=30), fire=FireConfig(fire_spread_prob=0.6, smoke_spread_prob=0.3, fire_interval=5, smoke_interval=4, smoke_damage=2, fire_damage=50), age_min=18, age_max=80, speed_young=1.0, speed_old=0.5)",26,3,1,97,26,100.0,0.8666666666666667,0,0,4,escaped,100,14,1,31,0.3775447076500974,safest_exit,2.0,21,18,0,0,0,5,True,14,1
1,0,38,"SimulationConfig(layout_path='room_layouts/supermarket3.txt', num_agents=30, num_communicative=30, seed=1, max_steps=2000, agent=AgentConfig(health=100, risk_range=(0.1, 0.9), perception_range=5, communication_range=5, strategies={'nearest_exit': 10, 'safest_exit': 10, 'least_crowded_exit': 10}), family=FamilyConfig(num_families=6, min_size=2, max_size=3, rescue_timeout=30), fire=FireConfig(fire_spread_prob=0.6, smoke_spread_prob=0.3, fire_interval=5, smoke_interval=4, smoke_damage=2, fire_damage=50), age_min=18, age_max=80, speed_young=1.0, speed_old=0.5)",26,3,1,97,26,100.0,0.8666666666666667,0,0,19,evacuating,100,13,1,71,0.8315557115220619,nearest_exit,0.0,-1,21,0,0,0,10,True,14,1
1,0,38,"SimulationConfig(layout_path='room_layouts/supermarket3.txt', num_agents=30, num_communicative=30, seed=1, max_steps=2000, agent=AgentConfig(health=100, risk_range=(0.1, 0.9), perception_range=5, communication_range=5, strategies={'nearest_exit': 10, 'safest_exit': 10, 'least_crowded_exit': 10}), family=FamilyConfig(num_families=6, min_size=2, max_size=3, rescue_timeout=30), fire=FireConfig(fire_spread_prob=0.6, smoke_spread_prob=0.3, fire_interval=5, smoke_interval=4, smoke_damage=2, fire_damage=50), age_min=18, age_max=80, speed_young=1.0, speed_old=0.5)",26,3,1,97,26,100.0,0.8666666666666667,0,0,9,escaped,100,14,1,19,0.5032858937966819,least_crowded_exit,,23,22,0,0,0,11,False,14,1
1,0,38,"SimulationConfig(layout_path='room_layouts/supermarket3.txt', num_agents=30, num_communicative=30, seed=1, max_steps=2000, agent=AgentConfig(health=100, risk_range=(0.1, 0.9), perception_range=5, communication_range=5, strategies={'nearest_exit': 10, 'safest_exit': 10, 'least_crowded_exit': 10}), family=FamilyConfig(num_families=6, min_size=2, max_size=3, rescue_timeout=30), fire=FireConfig(fire_spread_prob=0.6, smoke_spread_prob=0.3, fire_interval=5, smoke_interval=4, smoke_damage=2, fire_damage=50), age_min=18, age_max=80, speed_young=1.0, speed_old=0.5)",26,3,1,97,26,100.0,0.8666666666666667,0,0,5,escaped,100,1,18,75,0.558706162417847,nearest_exit,,25,13,0,0,0,9,False,1,18
1,0,38,"SimulationConfig(layout_path='room_layouts/supermarket3.txt', num_agents=30, num_communicative=30, seed=1, max_steps=2000, agent=AgentConfig(health=100, risk_range=(0.1, 0.9), perception_range=5, communication_range=5, strategies={'nearest_exit': 10, 'safest_exit': 10, 'least_crowded_exit': 10}), family=FamilyConfig(num_families=6, min_size=2, max_size=3, rescue_timeout=30), fire=FireConfig(fire_spread_prob=0.6, smoke_spread_prob=0.3, fire_interval=5, smoke_interval=4, smoke_damage=2, fire_damage=50), age_min=18, age_max=80, speed_young=1.0, speed_old=0.5)",26,3,1,97,26,100.0,0.8666666666666667,0,0,21,escaped,100,14,18,52,0.7143609463304771,nearest_exit,,12,8,0,0,0,6,False,14,18
1,0,38,"SimulationConfig(layout_path='room_layouts/supermarket3.txt', num_agents=30, num_communicative=30, seed=1, max_steps=2000, agent=AgentConfig(health=100, risk_range=(0.1, 0.9), perception_range=5, communication_range=5, strategies={'nearest_exit': 10, 'safest_exit': 10, 'least_crowded_exit': 10}), family=FamilyConfig(num_families=6, min_size=2, max_size=3, rescue_timeout=30), fire=FireConfig(fire_spread_prob=0.6, smoke_spread_prob=0.3, fire_interval=5, smoke_interval=4, smoke_damage=2, fire_damage=50), age_min=18, age_max=80, speed_young=1.0, speed_old=0.5)",26,3,1,97,26,100.0,0.8666666666666667,0,0,13,escaped,100,14,1,69,0.7860293944343371,safest_exit,4.0,31,20,0,0,0,14,True,14,1
1,0,38,"SimulationConfig(layout_path='room_layouts/supermarket3.txt', num_agents=30, num_communicative=30, seed=1, max_steps=2000, agent=AgentConfig(health=100, risk_range=(0.1, 0.9), perception_range=5, communication_range=5, strategies={'nearest_exit': 10, 'safest_exit': 10, 'least_crowded_exit': 10}), family=FamilyConfig(num_families=6, min_size=2, max_size=3, rescue_timeout=30), fire=FireConfig(fire_spread_prob=0.6, smoke_spread_prob=0.3, fire_interval=5, smoke_interval=4, smoke_damage=2, fire_damage=50), age_min=18, age_max=80, speed_young=1.0, speed_old=0.5)",26,3,1,97,26,100.0,0.8666666666666667,0,0,2,escaped,100,14,1,50,0.6632185138640571,nearest_exit,4.0,33,24,0,0,0,11,False,14,1
1,0,38,"SimulationConfig(layout_path='room_layouts/supermarket3.txt', num_agents=30, num_communicative=30, seed=1, max_steps=2000, agent=AgentConfig(health=100, risk_range=(0.1, 0.9), perception_range=5, communication_range=5, strategies={'nearest_exit': 10, 'safest_exit': 10, 'least_crowded_exit': 10}), family=FamilyConfig(num_families=6, min_size=2, max_size=3, rescue_timeout=30), fire=FireConfig(fire_spread_prob=0.6, smoke_spread_prob=0.3, fire_interval=5, smoke_interval=4, smoke_damage=2, fire_damage=50), age_min=18, age_max=80, speed_young=1.0, speed_old=0.5)",26,3,1,97,26,100.0,0.8666666666666667,0,0,25,escaped,100,1,18,35,0.5305669916449082,safest_exit,,11,9,0,0,0,4,False,1,18
1,0,38,"SimulationConfig(layout_path='room_layouts/supermarket3.txt', num_agents=30, num_communicative=30, seed=1, max_steps=2000, agent=AgentConfig(health=100, risk_range=(0.1, 0.9), perception_range=5, communication_range=5, strategies={'nearest_exit': 10, 'safest_exit': 10, 'least_crowded_exit': 10}), family=FamilyConfig(num_families=6, min_size=2, max_size=3, rescue_timeout=30), fire=FireConfig(fire_spread_prob=0.6, smoke_spread_prob=0.3, fire_interval=5, smoke_interval=4, smoke_damage=2, fire_damage=50), age_min=18, age_max=80, speed_young=1.0, speed_old=0.5)",26,3,1,97,26,100.0,0.8666666666666667,0,0,14,escaped,100,14,18,68,0.8896397743424209,least_crowded_exit,,3,1,0,0,0,1,False,14,18
1,0,38,"SimulationConfig(layout_path='room_layouts/supermarket3.txt', num_agents=30, num_communicative=30, seed=1, max_steps=2000, agent=AgentConfig(health=100, risk_range=(0.1, 0.9), perception_range=5, communication_range=5, strategies={'nearest_exit': 10, 'safest_exit': 10, 'least_crowded_exit': 10}), family=FamilyConfig(num_families=6, min_size=2, max_size=3, rescue_timeout=30), fire=FireConfig(fire_spread_prob=0.6, smoke_spread_prob=0.3, fire_interval=5, smoke_interval=4, smoke_damage=2, fire_damage=50), age_min=18, age_max=80, speed_young=1.0, speed_old=0.5)",26,3,1,97,26,100.0,0.8666666666666667,0,0,16,escaped,100,14,18,61,0.270423837104651,least_crowded_exit,,19,12,0,0,0,10,False,14,18
1,0,38,"SimulationConfig(layout_path='room_layouts/supermarket3.txt', num_agents=30, num_communicative=30, seed=1, max_steps=2000, agent=AgentConfig(health=100, risk_range=(0.1, 0.9), perception_range=5, communication_range=5, strategies={'nearest_exit': 10, 'safest_exit': 10, 'least_crowded_exit': 10}), family=FamilyConfig(num_families=6, min_size=2, max_size=3, rescue_timeout=30), fire=FireConfig(fire_spread_prob=0.6, smoke_spread_prob=0.3, fire_interval=5, smoke_interval=4, smoke_damage=2, fire_damage=50), age_min=18, age_max=80, speed_young=1.0, speed_old=0.5)",26,3,1,97,26,100.0,0.8666666666666667,0,0,17,escaped,100,1,18,42,0.17712408207476776,least_crowded_exit,2.0,21,17,0,0,0,12,True,1,18
1,0,38,"SimulationConfig(layout_path='room_layouts/supermarket3.txt', num_agents=30, num_communicative=30, seed=1, max_steps=2000, agent=AgentConfig(health=100, risk_range=(0.1, 0.9), perception_range=5, communication_range=5, strategies={'nearest_exit': 10, 'safest_exit': 10, 'least_crowded_exit': 10}), family=FamilyConfig(num_families=6, min_size=2, max_size=3, rescue_timeout=30), fire=FireConfig(fire_spread_prob=0.6, smoke_spread_prob=0.3, fire_interval=5, smoke_interval=4, smoke_damage=2, fire_damage=50), age_min=18, age_max=80, speed_young=1.0, speed_old=0.5)",26,3,1,97,26,100.0,0.8666666666666667,0,0,1,escaped,100,14,1,67,0.7959091423378898,nearest_exit,3.0,22,12,0,0,0,12,True,14,1
1,0,38,"SimulationConfig(layout_path='room_layouts/supermarket3.txt', num_agents=30, num_communicative=30, seed=1, max_steps=2000, agent=AgentConfig(health=100, risk_range=(0.1, 0.9), perception_range=5, communication_range=5, strategies={'nearest_exit': 10, 'safest_exit': 10, 'least_crowded_exit': 10}), family=FamilyConfig(num_families=6, min_size=2, max_size=3, rescue_timeout=30), fire=FireConfig(fire_spread_prob=0.6, smoke_spread_prob=0.3, fire_interval=5, smoke_interval=4, smoke_damage=2, fire_damage=50), age_min=18, age_max=80, speed_young=1.0, speed_old=0.5)",26,3,1,97,26,100.0,0.8666666666666667,0,0,3,escaped,100,14,1,30,0.12993870006781122,safest_exit,3.0,16,14,0,0,0,8,False,14,1
1,0,38,"SimulationConfig(layout_path='room_layouts/supermarket3.txt', num_agents=30, num_communicative=30, seed=1, max_steps=2000, agent=AgentConfig(health=100, risk_range=(0.1, 0.9), perception_range=5, communication_range=5, strategies={'nearest_exit': 10, 'safest_exit': 10, 'least_crowded_exit': 10}), family=FamilyConfig(num_families=6, min_size=2, max_size=3, rescue_timeout=30), fire=FireConfig(fire_spread_prob=0.6, smoke_spread_prob=0.3, fire_interval=5, smoke_interval=4, smoke_damage=2, fire_damage=50), age_min=18, age_max=80, speed_young=1.0, speed_old=0.5)",26,3,1,97,26,100.0,0.8666666666666667,0,0,22,escaped,100,1,18,64,0.28771234789683076,safest_exit,1.0,7,4,0,0,0,5,False,1,18
1,0,38,"SimulationConfig(layout_path='room_layouts/supermarket3.txt', num_agents=30, num_communicative=30, seed=1, max_steps=2000, agent=AgentConfig(health=100, risk_range=(0.1, 0.9), perception_range=5, communication_range=5, strategies={'nearest_exit': 10, 'safest_exit': 10, 'least_crowded_exit': 10}), family=FamilyConfig(num_families=6, min_size=2, max_size=3, rescue_timeout=30), fire=FireConfig(fire_spread_prob=0.6, smoke_spread_prob=0.3, fire_interval=5, smoke_interval=4, smoke_damage=2, fire_damage=50), age_min=18, age_max=80, speed_young=1.0, speed_old=0.5)",26,3,1,97,26,100.0,0.8666666666666667,0,0,27,escaped,100,14,1,34,0.5047107865877879,safest_exit,0.0,3,2,0,0,0,2,False,14,1
1,0,38,"SimulationConfig(layout_path='room_layouts/supermarket3.txt', num_agents=30, num_communicative=30, seed=1, max_steps=2000, agent=AgentConfig(health=100, risk_range=(0.1, 0.9), perception_range=5, communication_range=5, strategies={'nearest_exit': 10, 'safest_exit': 10, 'least_crowded_exit': 10}), family=FamilyConfig(num_families=6, min_size=2, max_size=3, rescue_timeout=30), fire=FireConfig(fire_spread_prob=0.6, smoke_spread_prob=0.3, fire_interval=5, smoke_interval=4, smoke_damage=2, fire_damage=50), age_min=18, age_max=80, speed_young=1.0, speed_old=0.5)",26,3,1,97,26,100.0,0.8666666666666667,0,0,8,escaped,100,14,1,36,0.6327660226229461,safest_exit,,8,6,0,0,0,5,False,14,1
1,0,38,"SimulationConfig(layout_path='room_layouts/supermarket3.txt', num_agents=30, num_communicative=30, seed=1, max_steps=2000, agent=AgentConfig(health=100, risk_range=(0.1, 0.9), perception_range=5, communication_range=5, strategies={'nearest_exit': 10, 'safest_exit': 10, 'least_crowded_exit': 10}), family=FamilyConfig(num_families=6, min_size=2, max_size=3, rescue_timeout=30), fire=FireConfig(fire_spread_prob=0.6, smoke_spread_prob=0.3, fire_interval=5, smoke_interval=4, smoke_damage=2, fire_damage=50), age_min=18, age_max=80, speed_young=1.0, speed_old=0.5)",26,3,1,97,26,100.0,0.8666666666666667,0,0,29,escaped,100,1,18,33,0.19113032991418413,safest_exit,5.0,5,3,0,0,0,3,False,1,18
1,0,38,"SimulationConfig(layout_path='room_layouts/supermarket3.txt', num_agents=30, num_communicative=30, seed=1, max_steps=2000, agent=AgentConfig(health=100, risk_range=(0.1, 0.9), perception_range=5, communication_range=5, strategies={'nearest_exit': 10, 'safest_exit': 10, 'least_crowded_exit': 10}), family=FamilyConfig(num_families=6, min_size=2, max_size=3, rescue_timeout=30), fire=FireConfig(fire_spread_prob=0.6, smoke_spread_prob=0.3, fire_interval=5, smoke_interval=4, smoke_damage=2, fire_damage=50), age_min=18, age_max=80, speed_young=1.0, speed_old=0.5)",26,3,1,97,26,100.0,0.8666666666666667,0,0,12,dead,0,14,16,30,0.1144743869123774,safest_exit,5.0,-1,0,0,0,2,1,False,1,18
1,0,38,"SimulationConfig(layout_path='room_layouts/supermarket3.txt', num_agents=30, num_communicative=30, seed=1, max_steps=2000, agent=AgentConfig(health=100, risk_range=(0.1, 0.9), perception_range=5, communication_range=5, strategies={'nearest_exit': 10, 'safest_exit': 10, 'least_crowded_exit': 10}), family=FamilyConfig(num_families=6, min_size=2, max_size=3, rescue_timeout=30), fire=FireConfig(fire_spread_prob=0.6, smoke_spread_prob=0.3, fire_interval=5, smoke_interval=4, smoke_damage=2, fire_damage=50), age_min=18, age_max=80, speed_young=1.0, speed_old=0.5)",26,3,1,97,26,100.0,0.8666666666666667,0,0,11,escaped,100,1,18,36,0.42185977041529577,least_crowded_exit,,3,2,0,0,0,2,False,1,18
1,0,38,"SimulationConfig(layout_path='room_layouts/supermarket3.txt', num_agents=30, num_communicative=30, seed=1, max_steps=2000, agent=AgentConfig(health=100, risk_range=(0.1, 0.9), perception_range=5, communication_range=5, strategies={'nearest_exit': 10, 'safest_exit': 10, 'least_crowded_exit': 10}), family=FamilyConfig(num_families=6, min_size=2, max_size=3, rescue_timeout=30), fire=FireConfig(fire_spread_prob=0.6, smoke_spread_prob=0.3, fire_interval=5, smoke_interval=4, smoke_damage=2, fire_damage=50), age_min=18, age_max=80, speed_young=1.0, speed_old=0.5)",26,3,1,97,26,100.0,0.8666666666666667,0,0,26,escaped,100,1,18,56,0.7072929461731522,least_crowded_exit,,28,19,0,0,0,8,False,1,18
1,0,38,"SimulationConfig(layout_path='room_layouts/supermarket3.txt', num_agents=30, num_communicative=30, seed=1, max_steps=2000, agent=AgentConfig(health=100, risk_range=(0.1, 0.9), perception_range=5, communication_range=5, strategies={'nearest_exit': 10, 'safest_exit': 10, 'least_crowded_exit': 10}), family=FamilyConfig(num_families=6, min_size=2, max_size=3, rescue_timeout=30), fire=FireConfig(fire_spread_prob=0.6, smoke_spread_prob=0.3, fire_interval=5, smoke_interval=4, smoke_damage=2, fire_damage=50), age_min=18, age_max=80, speed_young=1.0, speed_old=0.5)",26,3,1,97,26,100.0,0.8666666666666667,0,0,20,dead,0,7,8,49,0.6496881457229259,nearest_exit,,-1,0,0,0,2,2,False,1,18
2,0,54,"SimulationConfig(layout_path='room_layouts/supermarket3.txt', num_agents=30, num_communicative=30, seed=2, max_steps=2000, agent=AgentConfig(health=100, risk_range=(0.1, 0.9), perception_range=5, communication_range=5, strategies={'nearest_exit': 10, 'safest_exit': 10, 'least_crowded_exit': 10}), family=FamilyConfig(num_families=6, min_size=2, max_size=3, rescue_timeout=30), fire=FireConfig(fire_spread_prob=0.6, smoke_spread_prob=0.3, fire_interval=5, smoke_interval=4, smoke_damage=2, fire_damage=50), age_min=18, age_max=80, speed_young=1.0, speed_old=0.5)",24,5,1,148,20,80.0,0.8,0,0,0,escaped,100,14,18,60,0.11955208492717953,safest_exit,5.0,13,8,0,0,0,10,False,14,18
2,0,54,"SimulationConfig(layout_path='room_layouts/supermarket3.txt', num_agents=30, num_communicative=30, seed=2, max_steps=2000, agent=AgentConfig(health=100, risk_range=(0.1, 0.9), perception_range=5, communication_range=5, strategies={'nearest_exit': 10, 'safest_exit': 10, 'least_crowded_exit': 10}), family=FamilyConfig(num_families=6, min_size=2, max_size=3, rescue_timeout=30), fire=FireConfig(fire_spread_prob=0.6, smoke_spread_prob=0.3, fire_interval=5, smoke_interval=4, smoke_damage=2, fire_damage=50), age_min=18, age_max=80, speed_young=1.0, speed_old=0.5)",24,5,1,148,20,80.0,0.8,0,0,13,escaped,100,1,18,57,0.8371602780734955,safest_exit,,27,18,0,0,0,13,False,1,18
2,0,54,"SimulationConfig(layout_path='room_layouts/supermarket3.txt', num_agents=30, num_communicative=30, seed=2, max_steps=2000, agent=AgentConfig(health=100, risk_range=(0.1, 0.9), perception_range=5, communication_range=5, strategies={'nearest_exit': 10, 'safest_exit': 10, 'least_crowded_exit': 10}), family=FamilyConfig(num_families=6, min_size=2, max_size=3, rescue_timeout=30), fire=FireConfig(fire_spread_prob=0.6, smoke_spread_prob=0.3, fire_interval=5, smoke_interval=4, smoke_damage=2, fire_damage=50), age_min=18, age_max=80, speed_young=1.0, speed_old=0.5)",24,5,1,148,20,80.0,0.8,0,0,9,escaped,96,14,1,29,0.5200516258558094,least_crowded_exit,,6,5,0,2,0,2,False,14,1
2,0,54,"SimulationConfig(layout_path='room_layouts/supermarket3.txt', num_agents=30, num_communicative=30, seed=2, max_steps=2000, agent=AgentConfig(health=100, risk_range=(0.1, 0.9), perception_range=5, communication_range=5, strategies={'nearest_exit': 10, 'safest_exit': 10, 'least_crowded_exit': 10}), family=FamilyConfig(num_families=6, min_size=2, max_size=3, rescue_timeout=30), fire=FireConfig(fire_spread_prob=0.6, smoke_spread_prob=0.3, fire_interval=5, smoke_interval=4, smoke_damage=2, fire_damage=50), age_min=18, age_max=80, speed_young=1.0, speed_old=0.5)",24,5,1,148,20,80.0,0.8,0,0,25,escaped,100,14,18,41,0.3274874807843087,least_crowded_exit,,20,16,0,0,0,11,False,14,18
2,0,54,"SimulationConfig(layout_path='room_layouts/supermarket3.txt', num_agents=30, num_communicative=30, seed=2, max_steps=2000, agent=AgentConfig(health=100, risk_range=(0.1, 0.9), perception_range=5, communication_range=5, strategies={'nearest_exit': 10, 'safest_exit': 10, 'least_crowded_exit': 10}), family=FamilyConfig(num_families=6, min_size=2, max_size=3, rescue_timeout=30), fire=FireConfig(fire_spread_prob=0.6, smoke_spread_prob=0.3, fire_interval=5, smoke_interval=4, smoke_damage=2, fire_damage=50), age_min=18, age_max=80, speed_young=1.0, speed_old=0.5)",24,5,1,148,20,80.0,0.8,0,0,11,escaped,34,1,18,41,0.7421241669643089,safest_exit,1.0,32,27,8,16,1,15,True,1,18
2,0,54,"SimulationConfig(layout_path='room_layouts/supermarket3.txt', num_agents=30, num_communicative=30, seed=2, max_steps=2000, agent=AgentConfig(health=100, risk_range=(0.1, 0.9), perception_range=5, communication_range=5, strategies={'nearest_exit': 10, 'safest_exit': 10, 'least_crowded_exit': 10}), family=FamilyConfig(num_families=6, min_size=2, max_size=3, rescue_timeout=30), fire=FireConfig(fire_spread_prob=0.6, smoke_spread_prob=0.3, fire_interval=5, smoke_interval=4, smoke_damage=2, fire_damage=50), age_min=18, age_max=80, speed_young=1.0, speed_old=0.5)",24,5,1,148,20,80.0,0.8,0,0,18,escaped,100,1,18,30,0.1840132135505817,safest_exit,,13,11,0,0,0,6,False,1,18
2,0,54,"SimulationConfig(layout_path='room_layouts/supermarket3.txt', num_agents=30, num_communicative=30, seed=2, max_steps=2000, agent=AgentConfig(health=100, risk_range=(0.1, 0.9), perception_range=5, communication_range=5, strategies={'nearest_exit': 10, 'safest_exit': 10, 'least_crowded_exit': 10}), family=FamilyConfig(num_families=6, min_size=2, max_size=3, rescue_timeout=30), fire=FireConfig(fire_spread_prob=0.6, smoke_spread_prob=0.3, fire_interval=5, smoke_interval=4, smoke_damage=2, fire_damage=50), age_min=18, age_max=80, speed_young=1.0, speed_old=0.5)",24,5,1,148,20,80.0,0.8,0,0,24,dead,-8,2,13,18,0.5908452992069084,least_crowded_exit,1.0,-1,39,5,8,3,15,False,1,18
2,0,54,"SimulationConfig(layout_path='room_layouts/supermarket3.txt', num_agents=30, num_communicative=30, seed=2, max_steps=2000, agent=AgentConfig(health=100, risk_range=(0.1, 0.9), perception_range=5, communication_range=5, strategies={'nearest_exit': 10, 'safest_exit': 10, 'least_crowded_exit': 10}), family=FamilyConfig(num_families=6, min_size=2, max_size=3, rescue_timeout=30), fire=FireConfig(fire_spread_prob=0.6, smoke_spread_prob=0.3, fire_interval=5, smoke_interval=4, smoke_damage=2, fire_damage=50), age_min=18, age_max=80, speed_young=1.0, speed_old=0.5)",24,5,1,148,20,80.0,0.8,0,0,15,escaped,100,14,18,41,0.886816858842655,nearest_exit,,13,10,0,0,0,10,False,14,18
2,0,54,"SimulationConfig(layout_path='room_layouts/supermarket3.txt', num_agents=30, num_communicative=30, seed=2, max_steps=2000, agent=AgentConfig(health=100, risk_range=(0.1, 0.9), perception_range=5, communication_range=5, strategies={'nearest_exit': 10, 'safest_exit': 10, 'least_crowded_exit': 10}), family=FamilyConfig(num_families=6, min_size=2, max_size=3, rescue_timeout=30), fire=FireConfig(fire_spread_prob=0.6, smoke_spread_prob=0.3, fire_interval=5, smoke_interval=4, smoke_damage=2, fire_damage=50), age_min=18, age_max=80, speed_young=1.0, speed_old=0.5)",24,5,1,148,20,80.0,0.8,0,0,3,dead,0,6,3,76,0.2699597935955918,least_crowded_exit,2.0,-1,10,1,0,3,10,True,1,18
2,0,54,"SimulationConfig(layout_path='room_layouts/supermarket3.txt', num_agents=30, num_communicative=30, seed=2, max_steps=2000, agent=AgentConfig(health=100, risk_range=(0.1, 0.9), perception_range=5, communication_range=5, strategies={'nearest_exit': 10, 'safest_exit': 10, 'least_crowded_exit': 10}), family=FamilyConfig(num_families=6, min_size=2, max_size=3, rescue_timeout=30), fire=FireConfig(fire_spread_prob=0.6, smoke_spread_prob=0.3, fire_interval=5, smoke_interval=4, smoke_damage=2, fire_damage=50), age_min=18, age_max=80, speed_young=1.0, speed_old=0.5)",24,5,1,148,20,80.0,0.8,0,0,2,escaped,100,14,1,42,0.5284266748533175,nearest_exit,3.0,1,0,0,0,0,2,False,14,1
2,0,54,"SimulationConfig(layout_path='room_layouts/supermarket3.txt', num_agents=30, num_communicative=30, seed=2, max_steps=2000, agent=AgentConfig(health=100, risk_range=(0.1, 0.9), perception_range=5, communication_range=5, strategies={'nearest_exit': 10, 'safest_exit': 10, 'least_crowded_exit': 10}), family=FamilyConfig(num_families=6, min_size=2, max_size=3, rescue_timeout=30), fire=FireConfig(fire_spread_prob=0.6, smoke_spread_prob=0.3, fire_interval=5, smoke_interval=4, smoke_damage=2, fire_damage=50), age_min=18, age_max=80, speed_young=1.0, speed_old=0.5)",24,5,1,148,20,80.0,0.8,0,0,14,escaped,100,1,18,62,0.39318626099575027,nearest_exit,0.0,18,11,0,0,0,11,True,1,18
2,0,54,"SimulationConfig(layout_path='room_layouts/supermarket3.txt', num_agents=30, num_communicative=30, seed=2, max_steps=2000, agent=AgentConfig(health=100, risk_range=(0.1, 0.9), perception_range=5, communication_range=5, strategies={'nearest_exit': 10, 'safest_exit': 10, 'least_crowded_exit': 10}), family=FamilyConfig(num_families=6, min_size=2, max_size=3, rescue_timeout=30), fire=FireConfig(fire_spread_prob=0.6, smoke_spread_prob=0.3, fire_interval=5, smoke_interval=4, smoke_damage=2, fire_damage=50), age_min=18, age_max=80, speed_young=1.0, speed_old=0.5)",24,5,1,148,20,80.0,0.8,0,0,5,escaped,100,1,18,45,0.6831448364620194,least_crowded_exit,,2,1,0,0,0,3,False,1,18
2,0,54,"SimulationConfig(layout_path='room_layouts/supermarket3.txt', num_agents=30, num_communicative=30, seed=2, max_steps=2000, agent=AgentConfig(health=100, risk_range=(0.1, 0.9), perception_range=5, communication_range=5, strategies={'nearest_exit': 10, 'safest_exit': 10, 'least_crowded_exit': 10}), family=FamilyConfig(num_families=6, min_size=2, max_size=3, rescue_timeout=30), fire=FireConfig(fire_spread_prob=0.6, smoke_spread_prob=0.3, fire_interval=5, smoke_interval=4, smoke_damage=2, fire_damage=50), age_min=18, age_max=80, speed_young=1.0, speed_old=0.5)",24,5,1,148,20,80.0,0.8,0,0,21,escaped,100,1,18,44,0.4611387673615859,nearest_exit,3.0,20,15,0,0,0,9,False,1,18
2,0,54,"SimulationConfig(layout_path='room_layouts/supermarket3.txt', num_agents=30, num_communicative=30, seed=2, max_steps=2000, agent=AgentConfig(health=100, risk_range=(0.1, 0.9), perception_range=5, communication_range=5, strategies={'nearest_exit': 10, 'safest_exit': 10, 'least_crowded_exit': 10}), family=FamilyConfig(num_families=6, min_size=2, max_size=3, rescue_timeout=30), fire=FireConfig(fire_spread_prob=0.6, smoke_spread_prob=0.3, fire_interval=5, smoke_interval=4, smoke_damage=2, fire_damage=50), age_min=18, age_max=80, speed_young=1.0, speed_old=0.5)",24,5,1,148,20,80.0,0.8,0,0,7,escaped,100,1,18,21,0.5648610448321276,nearest_exit,,6,5,0,0,0,4,False,1,18
2,0,54,"SimulationConfig(layout_path='room_layouts/supermarket3.txt', num_agents=30, num_communicative=30, seed=2, max_steps=2000, agent=AgentConfig(health=100, risk_range=(0.1, 0.9), perception_range=5, communication_range=5, strategies={'nearest_exit': 10, 'safest_exit': 10, 'least_crowded_exit': 10}), family=FamilyConfig(num_families=6, min_size=2, max_size=3, rescue_timeout=30), fire=FireConfig(fire_spread_prob=0.6, smoke_spread_prob=0.3, fire_interval=5, smoke_interval=4, smoke_damage=2, fire_damage=50), age_min=18, age_max=80, speed_young=1.0, speed_old=0.5)",24,5,1,148,20,80.0,0.8,0,0,16,escaped,100,14,18,73,0.3466196120921081,nearest_exit,,1,0,0,0,0,1,False,14,18
2,0,54,"SimulationConfig(layout_path='room_layouts/supermarket3.txt', num_agents=30, num_communicative=30, seed=2, max_steps=2000, agent=AgentConfig(health=100, risk_range=(0.1, 0.9), perception_range=5, communication_range=5, strategies={'nearest_exit': 10, 'safest_exit': 10, 'least_crowded_exit': 10}), family=FamilyConfig(num_families=6, min_size=2, max_size=3, rescue_timeout=30), fire=FireConfig(fire_spread_prob=0.6, smoke_spread_prob=0.3, fire_interval=5, smoke_interval=4, smoke_damage=2, fire_damage=50), age_min=18, age_max=80, speed_young=1.0, speed_old=0.5)",24,5,1,148,20,80.0,0.8,0,0,10,escaped,94,14,18,60,0.8364930635320352,least_crowded_exit,3.0,28,17,2,5,0,7,True,14,18
2,0,54,"SimulationConfig(layout_path='room_layouts/supermarket3.txt', num_agents=30, num_communicative=30, seed=2, max_steps=2000, agent=AgentConfig(health=100, risk_range=(0.1, 0.9), perception_range=5, communication_range=5, strategies={'nearest_exit': 10, 'safest_exit': 10, 'least_crowded_exit': 10}), family=FamilyConfig(num_families=6, min_size=2, max_size=3, rescue_timeout=30), fire=FireConfig(fire_spread_prob=0.6, smoke_spread_prob=0.3, fire_interval=5, smoke_interval=4, smoke_damage=2, fire_damage=50), age_min=18, age_max=80, speed_young=1.0, speed_old=0.5)",24,5,1,148,20,80.0,0.8,0,0,1,escaped,100,1,18,37,0.4715224889150722,safest_exit,,21,17,0,0,0,12,False,1,18
2,0,54,"SimulationConfig(layout_path='room_layouts/supermarket3.txt', num_agents=30, num_communicative=30, seed=2, max_steps=2000, agent=AgentConfig(health=100, risk_range=(0.1, 0.9), perception_range=5, communication_range=5, strategies={'nearest_exit': 10, 'safest_exit': 10, 'least_crowded_exit': 10}), family=FamilyConfig(num_families=6, min_size=2, max_size=3, rescue_timeout=30), fire=FireConfig(fire_spread_prob=0.6, smoke_spread_prob=0.3, fire_interval=5, smoke_interval=4, smoke_damage=2, fire_damage=50), age_min=18, age_max=80, speed_young=1.0, speed_old=0.5)",24,5,1,148,20,80.0,0.8,0,0,8,escaped,100,14,1,77,0.8051496351839088,nearest_exit,2.0,3,1,0,0,0,2,False,14,1
2,0,54,"SimulationConfig(layout_path='room_layouts/supermarket3.txt', num_agents=30, num_communicative=30, seed=2, max_steps=2000, agent=AgentConfig(health=100, risk_range=(0.1, 0.9), perception_range=5, communication_range=5, strategies={'nearest_exit': 10, 'safest_exit': 10, 'least_crowded_exit': 10}), family=FamilyConfig(num_families=6, min_size=2, max_size=3, rescue_timeout=30), fire=FireConfig(fire_spread_prob=0.6, smoke_spread_prob=0.3, fire_interval=5, smoke_interval=4, smoke_damage=2, fire_damage=50), age_min=18, age_max=80, speed_young=1.0, speed_old=0.5)",24,5,1,148,20,80.0,0.8,0,0,17,dead,0,9,3,24,0.6482485378518956,nearest_exit,,-1,0,0,0,2,1,False,1,18
2,0,54,"SimulationConfig(layout_path='room_layouts/supermarket3.txt', num_agents=30, num_communicative=30, seed=2, max_steps=2000, agent=AgentConfig(health=100, risk_range=(0.1, 0.9), perception_range=5, communication_range=5, strategies={'nearest_exit': 10, 'safest_exit': 10, 'least_crowded_exit': 10}), family=FamilyConfig(num_families=6, min_size=2, max_size=3, rescue_timeout=30), fire=FireConfig(fire_spread_prob=0.6, smoke_spread_prob=0.3, fire_interval=5, smoke_interval=4, smoke_damage=2, fire_damage=50), age_min=18, age_max=80, speed_young=1.0, speed_old=0.5)",24,5,1,148,20,80.0,0.8,0,0,23,escaped,100,14,18,55,0.26659751468623816,least_crowded_exit,2.0,8,5,0,0,0,6,False,14,18
2,0,54,"SimulationConfig(layout_path='room_layouts/supermarket3.txt', num_agents=30, num_communicative=30, seed=2, max_steps=2000, agent=AgentConfig(health=100, risk_range=(0.1, 0.9), perception_range=5, communication_range=5, strategies={'nearest_exit': 10, 'safest_exit': 10, 'least_crowded_exit': 10}), family=FamilyConfig(num_families=6, min_size=2, max_size=3, rescue_timeout=30), fire=FireConfig(fire_spread_prob=0.6, smoke_spread_prob=0.3, fire_interval=5, smoke_interval=4, smoke_damage=2, fire_damage=50), age_min=18, age_max=80, speed_young=1.0, speed_old=0.5)",24,5,1,148,20,80.0,0.8,0,0,28,escaped,100,1,18,25,0.492356319381947,nearest_exit,,29,27,0,0,0,17,False,1,18
2,0,54,"SimulationConfig(layout_path='room_layouts/supermarket3.txt', num_agents=30, num_communicative=30, seed=2, max_steps=2000, agent=AgentConfig(health=100, risk_range=(0.1, 0.9), perception_range=5, communication_range=5, strategies={'nearest_exit': 10, 'safest_exit': 10, 'least_crowded_exit': 10}), family=FamilyConfig(num_families=6, min_size=2, max_size=3, rescue_timeout=30), fire=FireConfig(fire_spread_prob=0.6, smoke_spread_prob=0.3, fire_interval=5, smoke_interval=4, smoke_damage=2, fire_damage=50), age_min=18, age_max=80, speed_young=1.0, speed_old=0.5)",24,5,1,148,20,80.0,0.8,0,0,27,escaped,42,1,18,66,0.16123857628801624,safest_exit,,44,26,3,6,2,16,False,1,18
2,0,54,"SimulationConfig(layout_path='room_layouts/supermarket3.txt', num_agents=30, num_communicative=30, seed=2, max_steps=2000, agent=AgentConfig(health=100, risk_range=(0.1, 0.9), perception_range=5, communication_range=5, strategies={'nearest_exit': 10, 'safest_exit': 10, 'least_crowded_exit': 10}), family=FamilyConfig(num_families=6, min_size=2, max_size=3, rescue_timeout=30), fire=FireConfig(fire_spread_prob=0.6, smoke_spread_prob=0.3, fire_interval=5, smoke_interval=4, smoke_damage=2, fire_damage=50), age_min=18, age_max=80, speed_young=1.0, speed_old=0.5)",24,5,1,148,20,80.0,0.8,0,0,29,escaped,96,14,18,43,0.5572421930634647,safest_exit,,17,13,0,2,0,11,False,14,18
2,0,54,"SimulationConfig(layout_path='room_layouts/supermarket3.txt', num_agents=30, num_communicative=30, seed=2, max_steps=2000, agent=AgentConfig(health=100, risk_range=(0.1, 0.9), perception_range=5, communication_range=5, strategies={'nearest_exit': 10, 'safest_exit': 10, 'least_crowded_exit': 10}), family=FamilyConfig(num_families=6, min_size=2, max_size=3, rescue_timeout=30), fire=FireConfig(fire_spread_prob=0.6, smoke_spread_prob=0.3, fire_interval=5, smoke_interval=4, smoke_damage=2, fire_damage=50), age_min=18, age_max=80, speed_young=1.0, speed_old=0.5)",24,5,1,148,20,80.0,0.8,0,0,12,evacuating,80,14,17,79,0.1155863077593427,nearest_exit,1.0,-1,24,2,12,0,14,True,14,18
2,0,54,"SimulationConfig(layout_path='room_layouts/supermarket3.txt', num_agents=30, num_communicative=30, seed=2, max_steps=2000, agent=AgentConfig(health=100, risk_range=(0.1, 0.9), perception_range=5, communication_range=5, strategies={'nearest_exit': 10, 'safest_exit': 10, 'least_crowded_exit': 10}), family=FamilyConfig(num_families=6, min_size=2, max_size=3, rescue_timeout=30), fire=FireConfig(fire_spread_prob=0.6, smoke_spread_prob=0.3, fire_interval=5, smoke_interval=4, smoke_damage=2, fire_damage=50), age_min=18, age_max=80, speed_young=1.0, speed_old=0.5)",24,5,1,148,20,80.0,0.8,0,0,20,escaped,84,14,18,69,0.760315156076682,safest_exit,5.0,45,23,3,11,0,10,True,14,18
2,0,54,"SimulationConfig(layout_path='room_layouts/supermarket3.txt', num_agents=30, num_communicative=30, seed=2, max_steps=2000, agent=AgentConfig(health=100, risk_range=(0.1, 0.9), perception_range=5, communication_range=5, strategies={'nearest_exit': 10, 'safest_exit': 10, 'least_crowded_exit': 10}), family=FamilyConfig(num_families=6, min_size=2, max_size=3, rescue_timeout=30), fire=FireConfig(fire_spread_prob=0.6, smoke_spread_prob=0.3, fire_interval=5, smoke_interval=4, smoke_damage=2, fire_damage=50), age_min=18, age_max=80, speed_young=1.0, speed_old=0.5)",24,5,1,148,20,80.0,0.8,0,0,19,dead,-10,12,4,61,0.7724893496950727,least_crowded_exit,,-1,12,3,8,2,8,False,1,18
2,0,54,"SimulationConfig(layout_path='room_layouts/supermarket3.txt', num_agents=30, num_communicative=30, seed=2, max_steps=2000, agent=AgentConfig(health=100, risk_range=(0.1, 0.9), perception_range=5, communication_range=5, strategies={'nearest_exit': 10, 'safest_exit': 10, 'least_crowded_exit': 10}), family=FamilyConfig(num_families=6, min_size=2, max_size=3, rescue_timeout=30), fire=FireConfig(fire_spread_prob=0.6, smoke_spread_prob=0.3, fire_interval=5, smoke_interval=4, smoke_damage=2, fire_damage=50), age_min=18, age_max=80, speed_young=1.0, speed_old=0.5)",24,5,1,148,20,80.0,0.8,0,0,6,dead,0,10,2,19,0.44047916240394913,safest_exit,4.0,-1,0,0,0,2,2,False,1,18
2,0,54,"SimulationConfig(layout_path='room_layouts/supermarket3.txt', num_agents=30, num_communicative=30, seed=2, max_steps=2000, agent=AgentConfig(health=100, risk_range=(0.1, 0.9), perception_range=5, communication_range=5, strategies={'nearest_exit': 10, 'safest_exit': 10, 'least_crowded_exit': 10}), family=FamilyConfig(num_families=6, min_size=2, max_size=3, rescue_timeout=30), fire=FireConfig(fire_spread_prob=0.6, smoke_spread_prob=0.3, fire_interval=5, smoke_interval=4, smoke_damage=2, fire_damage=50), age_min=18, age_max=80, speed_young=1.0, speed_old=0.5)",24,5,1,148,20,80.0,0.8,0,0,4,escaped,100,14,18,31,0.7084199187941351,least_crowded_exit,0.0,23,20,0,0,0,13,True,14,18
2,0,54,"SimulationConfig(layout_path='room_layouts/supermarket3.txt', num_agents=30, num_communicative=30, seed=2, max_steps=2000, agent=AgentConfig(health=100, risk_range=(0.1, 0.9), perception_range=5, communication_range=5, strategies={'nearest_exit': 10, 'safest_exit': 10, 'least_crowded_exit': 10}), family=FamilyConfig(num_families=6, min_size=2, max_size=3, rescue_timeout=30), fire=FireConfig(fire_spread_prob=0.6, smoke_spread_prob=0.3, fire_interval=5, smoke_interval=4, smoke_damage=2, fire_damage=50), age_min=18, age_max=80, speed_young=1.0, speed_old=0.5)",24,5,1,148,20,80.0,0.8,0,0,22,escaped,100,1,18,47,0.6098358481279786,safest_exit,0.0,10,7,0,0,0,7,False,1,18
2,0,54,"SimulationConfig(layout_path='room_layouts/supermarket3.txt', num_agents=30, num_communicative=30, seed=2, max_steps=2000, agent=AgentConfig(health=100, risk_range=(0.1, 0.9), perception_range=5, communication_range=5, strategies={'nearest_exit': 10, 'safest_exit': 10, 'least_crowded_exit': 10}), family=FamilyConfig(num_families=6, min_size=2, max_size=3, rescue_timeout=30), fire=FireConfig(fire_spread_prob=0.6, smoke_spread_prob=0.3, fire_interval=5, smoke_interval=4, smoke_damage=2, fire_damage=50), age_min=18, age_max=80, speed_young=1.0, speed_old=0.5)",24,5,1,148,20,80.0,0.8,0,0,26,escaped,100,14,18,64,0.3446571107820894,least_crowded_exit,4.0,15,9,0,0,0,13,False,14,18
3,0,35,"SimulationConfig(layout_path='room_layouts/supermarket3.txt', num_agents=30, num_communicative=30, seed=3, max_steps=2000, agent=AgentConfig(health=100, risk_range=(0.1, 0.9), perception_range=5, communication_range=5, strategies={'nearest_exit': 10, 'safest_exit': 10, 'least_crowded_exit': 10}), family=FamilyConfig(num_families=6, min_size=2, max_size=3, rescue_timeout=30), fire=FireConfig(fire_spread_prob=0.6, smoke_spread_prob=0.3, fire_interval=5, smoke_interval=4, smoke_damage=2, fire_damage=50), age_min=18, age_max=80, speed_young=1.0, speed_old=0.5)",28,0,2,56,16,68.0,0.9333333333333333,0,0,27,escaped,100,1,18,52,0.8775923124650998,nearest_exit,,22,15,0,0,0,8,False,1,18
3,0,35,"SimulationConfig(layout_path='room_layouts/supermarket3.txt', num_agents=30, num_communicative=30, seed=3, max_steps=2000, agent=AgentConfig(health=100, risk_range=(0.1, 0.9), perception_range=5, communication_range=5, strategies={'nearest_exit': 10, 'safest_exit': 10, 'least_crowded_exit': 10}), family=FamilyConfig(num_families=6, min_size=2, max_size=3, rescue_timeout=30), fire=FireConfig(fire_spread_prob=0.6, smoke_spread_prob=0.3, fire_interval=5, smoke_interval=4, smoke_damage=2, fire_damage=50), age_min=18, age_max=80, speed_young=1.0, speed_old=0.5)",28,0,2,56,16,68.0,0.9333333333333333,0,0,22,escaped,100,1,18,60,0.33991045498279454,nearest_exit,,19,12,0,0,0,10,False,1,18
3,0,35,"SimulationConfig(layout_path='room_layouts/supermarket3.txt', num_agents=30, num_communicative=30, seed=3, max_steps=2000, agent=AgentConfig(health=100, risk_range=(0.1, 0.9), perception_range=5, communication_range=5, strategies={'nearest_exit': 10, 'safest_exit': 10, 'least_crowded_exit': 10}), family=FamilyConfig(num_families=6, min_size=2, max_size=3, rescue_timeout=30), fire=FireConfig(fire_spread_prob=0.6, smoke_spread_prob=0.3, fire_interval=5, smoke_interval=4, smoke_damage=2, fire_damage=50), age_min=18, age_max=80, speed_young=1.0, speed_old=0.5)",28,0,2,56,16,68.0,0.9333333333333333,0,0,14,escaped,100,14,1,69,0.3296089417934198,safest_exit,,11,6,0,0,0,8,False,14,1
3,0,35,"SimulationConfig(layout_path='room_layouts/supermarket3.txt', num_agents=30, num_communicative=30, seed=3, max_steps=2000, agent=AgentConfig(health=100, risk_range=(0.1, 0.9), perception_range=5, communication_range=5, strategies={'nearest_exit': 10, 'safest_exit': 10, 'least_crowded_exit': 10}), family=FamilyConfig(num_families=6, min_size=2, max_size=3, rescue_timeout=30), fire=FireConfig(fire_spread_prob=0.6, smoke_spread_prob=0.3, fire_interval=5, smoke_interval=4, smoke_damage=2, fire_damage=50), age_min=18, age_max=80, speed_young=1.0, speed_old=0.5)",28,0,2,56,16,68.0,0.9333333333333333,0,0,2,escaped,100,14,18,30,0.43061250541208895,safest_exit,,13,11,0,0,0,6,False,14,18
3,0,35,"SimulationConfig(layout_path='room_layouts/supermarket3.txt', num_agents=30, num_communicative=30, seed=3, max_steps=2000, agent=AgentConfig(health=100, risk_range=(0.1, 0.9), perception_range=5, communication_range=5, strategies={'nearest_exit': 10, 'safest_exit': 10, 'least_crowded_exit': 10}), family=FamilyConfig(num_families=6, min_size=2, max_size=3, rescue_timeout=30), fire=FireConfig(fire_spread_prob=0.6, smoke_spread_prob=0.3, fire_interval=5, smoke_interval=4, smoke_damage=2, fire_damage=50), age_min=18, age_max=80, speed_young=1.0, speed_old=0.5)",28,0,2,56,16,68.0,0.9333333333333333,0,0,7,escaped,100,14,18,20,0.6738069666748687,safest_exit,2.0,5,4,0,0,0,2,False,14,18
3,0,35,"SimulationConfig(layout_path='room_layouts/supermarket3.txt', num_agents=30, num_communicative=30, seed=3, max_steps=2000, agent=AgentConfig(health=100, risk_range=(0.1, 0.9), perception_range=5, communication_range=5, strategies={'nearest_exit': 10, 'safest_exit': 10, 'least_crowded_exit': 10}), family=FamilyConfig(num_families=6, min_size=2, max_size=3, rescue_timeout=30), fire=FireConfig(fire_spread_prob=0.6, smoke_spread_prob=0.3, fire_interval=5, smoke_interval=4, smoke_damage=2, fire_damage=50), age_min=18, age_max=80, speed_young=1.0, speed_old=0.5)",28,0,2,56,16,68.0,0.9333333333333333,0,0,10,escaped,100,1,18,36,0.5152119813166027,nearest_exit,,9,7,0,0,0,6,False,1,18
3,0,35,"SimulationConfig(layout_path='room_layouts/supermarket3.txt', num_agents=30, num_communicative=30, seed=3, max_steps=2000, agent=AgentConfig(health=100, risk_range=(0.1, 0.9), perception_range=5, communication_range=5, strategies={'nearest_exit': 10, 'safest_exit': 10, 'least_crowded_exit': 10}), family=FamilyConfig(num_families=6, min_size=2, max_size=3, rescue_timeout=30), fire=FireConfig(fire_spread_prob=0.6, smoke_spread_prob=0.3, fire_interval=5, smoke_interval=4, smoke_damage=2, fire_damage=50), age_min=18, age_max=80, speed_young=1.0, speed_old=0.5)",28,0,2,56,16,68.0,0.9333333333333333,0,0,18,escaped,100,1,18,75,0.8172537319872388,safest_exit,5.0,16,8,0,0,0,8,True,1,18
3,0,35,"SimulationConfig(layout_path='room_layouts/supermarket3.txt', num_agents=30, num_communicative=30, seed=3, max_steps=2000, agent=AgentConfig(health=100, risk_range=(0.1, 0.9), perception_range=5, communication_range=5, strategies={'nearest_exit': 10, 'safest_exit': 10, 'least_crowded_exit': 10}), family=FamilyConfig(num_families=6, min_size=2, max_size=3, rescue_timeout=30), fire=FireConfig(fire_spread_prob=0.6, smoke_spread_prob=0.3, fire_interval=5, smoke_interval=4, smoke_damage=2, fire_damage=50), age_min=18, age_max=80, speed_young=1.0, speed_old=0.5)",28,0,2,56,16,68.0,0.9333333333333333,0,0,26,escaped,100,14,18,34,0.37308212593439616,safest_exit,1.0,9,7,0,0,0,7,False,14,18
3,0,35,"SimulationConfig(layout_path='room_layouts/supermarket3.txt', num_agents=30, num_communicative=30, seed=3, max_steps=2000, agent=AgentConfig(health=100, risk_range=(0.1, 0.9), perception_range=5, communication_range=5, strategies={'nearest_exit': 10, 'safest_exit': 10, 'least_crowded_exit': 10}), family=FamilyConfig(num_families=6, min_size=2, max_size=3, rescue_timeout=30), fire=FireConfig(fire_spread_prob=0.6, smoke_spread_prob=0.3, fire_interval=5, smoke_interval=4, smoke_damage=2, fire_damage=50), age_min=18, age_max=80, speed_young=1.0, speed_old=0.5)",28,0,2,56,16,68.0,0.9333333333333333,0,0,9,escaped,100,1,18,65,0.7027043680130672,safest_exit,,12,7,0,0,0,6,False,1,18
3,0,35,"SimulationConfig(layout_path='room_layouts/supermarket3.txt', num_agents=30, num_communicative=30, seed=3, max_steps=2000, agent=AgentConfig(health=100, risk_range=(0.1, 0.9), perception_range=5, communication_range=5, strategies={'nearest_exit': 10, 'safest_exit': 10, 'least_crowded_exit': 10}), family=FamilyConfig(num_families=6, min_size=2, max_size=3, rescue_timeout=30), fire=FireConfig(fire_spread_prob=0.6, smoke_spread_prob=0.3, fire_interval=5, smoke_interval=4, smoke_damage=2, fire_damage=50), age_min=18, age_max=80, speed_young=1.0, speed_old=0.5)",28,0,2,56,16,68.0,0.9333333333333333,0,0,3,evacuating,36,13,1,78,0.10372943566651652,least_crowded_exit,0.0,-1,13,0,7,1,8,True,14,1
3,0,35,"SimulationConfig(layout_path='room_layouts/supermarket3.txt', num_agents=30, num_communicative=30, seed=3, max_steps=2000, agent=AgentConfig(health=100, risk_range=(0.1, 0.9), perception_range=5, communication_range=5, strategies={'nearest_exit': 10, 'safest_exit': 10, 'least_crowded_exit': 10}), family=FamilyConfig(num_families=6, min_size=2, max_size=3, rescue_timeout=30), fire=FireConfig(fire_spread_prob=0.6, smoke_spread_prob=0.3, fire_interval=5, smoke_interval=4, smoke_damage=2, fire_damage=50), age_min=18, age_max=80, speed_young=1.0, speed_old=0.5)",28,0,2,56,16,68.0,0.9333333333333333,0,0,0,escaped,96,1,18,54,0.33231900584561336,nearest_exit,4.0,23,16,0,2,0,8,False,1,18
3,0,35,"SimulationConfig(layout_path='room_layouts/supermarket3.txt', num_agents=30, num_communicative=30, seed=3, max_steps=2000, agent=AgentConfig(health=100, risk_range=(0.1, 0.9), perception_range=5, communication_range=5, strategies={'nearest_exit': 10, 'safest_exit': 10, 'least_crowded_exit': 10}), family=FamilyConfig(num_families=6, min_size=2, max_size=3, rescue_timeout=30), fire=FireConfig(fire_spread_prob=0.6, smoke_spread_prob=0.3, fire_interval=5, smoke_interval=4, smoke_damage=2, fire_damage=50), age_min=18, age_max=80, speed_young=1.0, speed_old=0.5)",28,0,2,56,16,68.0,0.9333333333333333,0,0,4,escaped,100,14,18,57,0.7660316638945236,least_crowded_exit,3.0,23,18,0,0,0,7,True,14,18
3,0,35,"SimulationConfig(layout_path='room_layouts/supermarket3.txt', num_agents=30, num_communicative=30, seed=3, max_steps=2000, agent=AgentConfig(health=100, risk_range=(0.1, 0.9), perception_range=5, communication_range=5, strategies={'nearest_exit': 10, 'safest_exit': 10, 'least_crowded_exit': 10}), family=FamilyConfig(num_families=6, min_size=2, max_size=3, rescue_timeout=30), fire=FireConfig(fire_spread_prob=0.6, smoke_spread_prob=0.3, fire_interval=5, smoke_interval=4, smoke_damage=2, fire_damage=50), age_min=18, age_max=80, speed_young=1.0, speed_old=0.5)",28,0,2,56,16,68.0,0.9333333333333333,0,0,11,escaped,48,14,1,74,0.535088839179687,least_crowded_exit,,32,17,0,1,1,6,False,14,1
3,0,35,"SimulationConfig(layout_path='room_layouts/supermarket3.txt', num_agents=30, num_communicative=30, seed=3, max_steps=2000, agent=AgentConfig(health=100, risk_range=(0.1, 0.9), perception_range=5, communication_range=5, strategies={'nearest_exit': 10, 'safest_exit': 10, 'least_crowded_exit': 10}), family=FamilyConfig(num_families=6, min_size=2, max_size=3, rescue_timeout=30), fire=FireConfig(fire_spread_prob=0.6, smoke_spread_prob=0.3, fire_interval=5, smoke_interval=4, smoke_damage=2, fire_damage=50), age_min=18, age_max=80, speed_young=1.0, speed_old=0.5)",28,0,2,56,16,68.0,0.9333333333333333,0,0,17,escaped,100,14,18,30,0.5098382230034757,nearest_exit,1.0,18,16,0,0,0,7,True,14,18
3,0,35,"SimulationConfig(layout_path='room_layouts/supermarket3.txt', num_agents=30, num_communicative=30, seed=3, max_steps=2000, agent=AgentConfig(health=100, risk_range=(0.1, 0.9), perception_range=5, communication_range=5, strategies={'nearest_exit': 10, 'safest_exit': 10, 'least_crowded_exit': 10}), family=FamilyConfig(num_families=6, min_size=2, max_size=3, rescue_timeout=30), fire=FireConfig(fire_spread_prob=0.6, smoke_spread_prob=0.3, fire_interval=5, smoke_interval=4, smoke_damage=2, fire_damage=50), age_min=18, age_max=80, speed_young=1.0, speed_old=0.5)",28,0,2,56,16,68.0,0.9333333333333333,0,0,23,escaped,100,14,1,52,0.11587605193235949,nearest_exit,,13,9,0,0,0,7,False,14,1
3,0,35,"SimulationConfig(layout_path='room_layouts/supermarket3.txt', num_agents=30, num_communicative=30, seed=3, max_steps=2000, agent=AgentConfig(health=100, risk_range=(0.1, 0.9), perception_range=5, communication_range=5, strategies={'nearest_exit': 10, 'safest_exit': 10, 'least_crowded_exit': 10}), family=FamilyConfig(num_families=6, min_size=2, max_size=3, rescue_timeout=30), fire=FireConfig(fire_spread_prob=0.6, smoke_spread_prob=0.3, fire_interval=5, smoke_interval=4, smoke_damage=2, fire_damage=50), age_min=18, age_max=80, speed_young=1.0, speed_old=0.5)",28,0,2,56,16,68.0,0.9333333333333333,0,0,25,escaped,100,14,18,25,0.8304678118953938,safest_exit,,7,6,0,0,0,5,False,14,18
3,0,35,"SimulationConfig(layout_path='room_layouts/supermarket3.txt', num_agents=30, num_communicative=30, seed=3, max_steps=2000, agent=AgentConfig(health=100, risk_range=(0.1, 0.9), perception_range=5, communication_range=5, strategies={'nearest_exit': 10, 'safest_exit': 10, 'least_crowded_exit': 10}), family=FamilyConfig(num_families=6, min_size=2, max_size=3, rescue_timeout=30), fire=FireConfig(fire_spread_prob=0.6, smoke_spread_prob=0.3, fire_interval=5, smoke_interval=4, smoke_damage=2, fire_damage=50), age_min=18, age_max=80, speed_young=1.0, speed_old=0.5)",28,0,2,56,16,68.0,0.9333333333333333,0,0,6,escaped,100,14,1,77,0.5470971998581956,least_crowded_exit,0.0,9,4,0,0,0,4,False,14,1
3,0,35,"SimulationConfig(layout_path='room_layouts/supermarket3.txt', num_agents=30, num_communicative=30, seed=3, max_steps=2000, agent=AgentConfig(health=100, risk_range=(0.1, 0.9), perception_range=5, communication_range=5, strategies={'nearest_exit': 10, 'safest_exit': 10, 'least_crowded_exit': 10}), family=FamilyConfig(num_families=6, min_size=2, max_size=3, rescue_timeout=30), fire=FireConfig(fire_spread_prob=0.6, smoke_spread_prob=0.3, fire_interval=5, smoke_interval=4, smoke_damage=2, fire_damage=50), age_min=18, age_max=80, speed_young=1.0, speed_old=0.5)",28,0,2,56,16,68.0,0.9333333333333333,0,0,8,escaped,100,14,18,71,0.6964184073011352,nearest_exit,3.0,12,6,0,0,0,7,False,14,18
3,0,35,"SimulationConfig(layout_path='room_layouts/supermarket3.txt', num_agents=30, num_communicative=30, seed=3, max_steps=2000, agent=AgentConfig(health=100, risk_range=(0.1, 0.9), perception_range=5, communication_range=5, strategies={'nearest_exit': 10, 'safest_exit': 10, 'least_crowded_exit': 10}), family=FamilyConfig(num_families=6, min_size=2, max_size=3, rescue_timeout=30), fire=FireConfig(fire_spread_prob=0.6, smoke_spread_prob=0.3, fire_interval=5, smoke_interval=4, smoke_damage=2, fire_damage=50), age_min=18, age_max=80, speed_young=1.0, speed_old=0.5)",28,0,2,56,16,68.0,0.9333333333333333,0,0,20,evacuating,100,1,17,65,0.11051559734969035,safest_exit,,-1,20,0,0,0,6,False,1,18
3,0,35,"SimulationConfig(layout_path='room_layouts/supermarket3.txt', num_agents=30, num_communicative=30, seed=3, max_steps=2000, agent=AgentConfig(health=100, risk_range=(0.1, 0.9), perception_range=5, communication_range=5, strategies={'nearest_exit': 10, 'safest_exit': 10, 'least_crowded_exit': 10}), family=FamilyConfig(num_families=6, min_size=2, max_size=3, rescue_timeout=30), fire=FireConfig(fire_spread_prob=0.6, smoke_spread_prob=0.3, fire_interval=5, smoke_interval=4, smoke_damage=2, fire_damage=50), age_min=18, age_max=80, speed_young=1.0, speed_old=0.5)",28,0,2,56,16,68.0,0.9333333333333333,0,0,24,escaped,100,14,1,78,0.4310003581836618,nearest_exit,,25,12,0,0,0,13,False,14,1
3,0,35,"SimulationConfig(layout_path='room_layouts/supermarket3.txt', num_agents=30, num_communicative=30, seed=3, max_steps=2000, agent=AgentConfig(health=100, risk_range=(0.1, 0.9), perception_range=5, communication_range=5, strategies={'nearest_exit': 10, 'safest_exit': 10, 'least_crowded_exit': 10}), family=FamilyConfig(num_families=6, min_size=2, max_size=3, rescue_timeout=30), fire=FireConfig(fire_spread_prob=0.6, smoke_spread_prob=0.3, fire_interval=5, smoke_interval=4, smoke_damage=2, fire_damage=50), age_min=18, age_max=80, speed_young=1.0, speed_old=0.5)",28,0,2,56,16,68.0,0.9333333333333333,0,0,19,escaped,100,14,18,21,0.4439093922195041,least_crowded_exit,,6,5,0,0,0,4,False,14,18
3,0,35,"SimulationConfig(layout_path='room_layouts/supermarket3.txt', num_agents=30, num_communicative=30, seed=3, max_steps=2000, agent=AgentConfig(health=100, risk_range=(0.1, 0.9), perception_range=5, communication_range=5, strategies={'nearest_exit': 10, 'safest_exit': 10, 'least_crowded_exit': 10}), family=FamilyConfig(num_families=6, min_size=2, max_size=3, rescue_timeout=30), fire=FireConfig(fire_spread_prob=0.6, smoke_spread_prob=0.3, fire_interval=5, smoke_interval=4, smoke_damage=2, fire_damage=50), age_min=18, age_max=80, speed_young=1.0, speed_old=0.5)",28,0,2,56,16,68.0,0.9333333333333333,0,0,13,escaped,100,1,18,80,0.7863848780910833,safest_exit,,27,13,0,0,0,15,False,1,18
3,0,35,"SimulationConfig(layout_path='room_layouts/supermarket3.txt', num_agents=30, num_communicative=30, seed=3, max_steps=2000, agent=AgentConfig(health=100, risk_range=(0.1, 0.9), perception_range=5, communication_range=5, strategies={'nearest_exit': 10, 'safest_exit': 10, 'least_crowded_exit': 10}), family=FamilyConfig(num_families=6, min_size=2, max_size=3, rescue_timeout=30), fire=FireConfig(fire_spread_prob=0.6, smoke_spread_prob=0.3, fire_interval=5, smoke_interval=4, smoke_damage=2, fire_damage=50), age_min=18, age_max=80, speed_young=1.0, speed_old=0.5)",28,0,2,56,16,68.0,0.9333333333333333,0,0,16,escaped,100,14,18,62,0.8228874254402737,least_crowded_exit,,4,2,0,0,0,1,False,14,18
3,0,35,"SimulationConfig(layout_path='room_layouts/supermarket3.txt', num_agents=30, num_communicative=30, seed=3, max_steps=2000, agent=AgentConfig(health=100, risk_range=(0.1, 0.9), perception_range=5, communication_range=5, strategies={'nearest_exit': 10, 'safest_exit': 10, 'least_crowded_exit': 10}), family=FamilyConfig(num_families=6, min_size=2, max_size=3, rescue_timeout=30), fire=FireConfig(fire_spread_prob=0.6, smoke_spread_prob=0.3, fire_interval=5, smoke_interval=4, smoke_damage=2, fire_damage=50), age_min=18, age_max=80, speed_young=1.0, speed_old=0.5)",28,0,2,56,16,68.0,0.9333333333333333,0,0,1,escaped,100,1,18,76,0.4276176931592479,least_crowded_exit,5.0,30,19,0,0,0,12,True,14,18
3,0,35,"SimulationConfig(layout_path='room_layouts/supermarket3.txt', num_agents=30, num_communicative=30, seed=3, max_steps=2000, agent=AgentConfig(health=100, risk_range=(0.1, 0.9), perception_range=5, communication_range=5, strategies={'nearest_exit': 10, 'safest_exit': 10, 'least_crowded_exit': 10}), family=FamilyConfig(num_families=6, min_size=2, max_size=3, rescue_timeout=30), fire=FireConfig(fire_spread_prob=0.6, smoke_spread_prob=0.3, fire_interval=5, smoke_interval=4, smoke_damage=2, fire_damage=50), age_min=18, age_max=80, speed_young=1.0, speed_old=0.5)",28,0,2,56,16,68.0,0.9333333333333333,0,0,29,escaped,100,14,1,32,0.14909450025464077,least_crowded_exit,,15,13,0,0,0,7,False,14,1
3,0,35,"SimulationConfig(layout_path='room_layouts/supermarket3.txt', num_agents=30, num_communicative=30, seed=3, max_steps=2000, agent=AgentConfig(health=100, risk_range=(0.1, 0.9), perception_range=5, communication_range=5, strategies={'nearest_exit': 10, 'safest_exit': 10, 'least_crowded_exit': 10}), family=FamilyConfig(num_families=6, min_size=2, max_size=3, rescue_timeout=30), fire=FireConfig(fire_spread_prob=0.6, smoke_spread_prob=0.3, fire_interval=5, smoke_interval=4, smoke_damage=2, fire_damage=50), age_min=18, age_max=80, speed_young=1.0, speed_old=0.5)",28,0,2,56,16,68.0,0.9333333333333333,0,0,5,escaped,100,1,18,45,0.8895309240230366,nearest_exit,2.0,13,10,0,0,0,8,True,1,18
3,0,35,"SimulationConfig(layout_path='room_layouts/supermarket3.txt', num_agents=30, num_communicative=30, seed=3, max_steps=2000, agent=AgentConfig(health=100, risk_range=(0.1, 0.9), perception_range=5, communication_range=5, strategies={'nearest_exit': 10, 'safest_exit': 10, 'least_crowded_exit': 10}), family=FamilyConfig(num_families=6, min_size=2, max_size=3, rescue_timeout=30), fire=FireConfig(fire_spread_prob=0.6, smoke_spread_prob=0.3, fire_interval=5, smoke_interval=4, smoke_damage=2, fire_damage=50), age_min=18, age_max=80, speed_young=1.0, speed_old=0.5)",28,0,2,56,16,68.0,0.9333333333333333,0,0,21,escaped,100,14,1,50,0.19665114982021797,nearest_exit,,10,7,0,0,0,6,False,14,1
3,0,35,"SimulationConfig(layout_path='room_layouts/supermarket3.txt', num_agents=30, num_communicative=30, seed=3, max_steps=2000, agent=AgentConfig(health=100, risk_range=(0.1, 0.9), perception_range=5, communication_range=5, strategies={'nearest_exit': 10, 'safest_exit': 10, 'least_crowded_exit': 10}), family=FamilyConfig(num_families=6, min_size=2, max_size=3, rescue_timeout=30), fire=FireConfig(fire_spread_prob=0.6, smoke_spread_prob=0.3, fire_interval=5, smoke_interval=4, smoke_damage=2, fire_damage=50), age_min=18, age_max=80, speed_young=1.0, speed_old=0.5)",28,0,2,56,16,68.0,0.9333333333333333,0,0,28,escaped,100,14,18,68,0.48175799734325053,least_crowded_exit,2.0,29,18,0,0,0,12,True,14,18
3,0,35,"SimulationConfig(layout_path='room_layouts/supermarket3.txt', num_agents=30, num_communicative=30, seed=3, max_steps=2000, agent=AgentConfig(health=100, risk_range=(0.1, 0.9), perception_range=5, communication_range=5, strategies={'nearest_exit': 10, 'safest_exit': 10, 'least_crowded_exit': 10}), family=FamilyConfig(num_families=6, min_size=2, max_size=3, rescue_timeout=30), fire=FireConfig(fire_spread_prob=0.6, smoke_spread_prob=0.3, fire_interval=5, smoke_interval=4, smoke_damage=2, fire_damage=50), age_min=18, age_max=80, speed_young=1.0, speed_old=0.5)",28,0,2,56,16,68.0,0.9333333333333333,0,0,15,escaped,98,1,18,20,0.295627153188448,least_crowded_exit,4.0,31,20,1,2,0,8,True,1,18
3,0,35,"SimulationConfig(layout_path='room_layouts/supermarket3.txt', num_agents=30, num_communicative=30, seed=3, max_steps=2000, agent=AgentConfig(health=100, risk_range=(0.1, 0.9), perception_range=5, communication_range=5, strategies={'nearest_exit': 10, 'safest_exit': 10, 'least_crowded_exit': 10}), family=FamilyConfig(num_families=6, min_size=2, max_size=3, rescue_timeout=30), fire=FireConfig(fire_spread_prob=0.6, smoke_spread_prob=0.3, fire_interval=5, smoke_interval=4, smoke_damage=2, fire_damage=50), age_min=18, age_max=80, speed_young=1.0, speed_old=0.5)",28,0,2,56,16,68.0,0.9333333333333333,0,0,12,escaped,100,1,18,22,0.2819730690808959,safest_exit,5.0,3,2,0,0,0,1,False,1,18
4,0,34,"SimulationConfig(layout_path='room_layouts/supermarket3.txt', num_agents=30, num_communicative=30, seed=4, max_steps=2000, agent=AgentConfig(health=100, risk_range=(0.1, 0.9), perception_range=5, communication_range=5, strategies={'nearest_exit': 10, 'safest_exit': 10, 'least_crowded_exit': 10}), family=FamilyConfig(num_families=6, min_size=2, max_size=3, rescue_timeout=30), fire=FireConfig(fire_spread_prob=0.6, smoke_spread_prob=0.3, fire_interval=5, smoke_interval=4, smoke_damage=2, fire_damage=50), age_min=18, age_max=80, speed_young=1.0, speed_old=0.5)",28,1,1,85,27,98.0,0.9333333333333333,0,0,9,escaped,100,14,18,28,0.8607669782738057,nearest_exit,4.0,6,5,0,0,0,6,False,14,18
4,0,34,"SimulationConfig(layout_path='room_layouts/supermarket3.txt', num_agents=30, num_communicative=30, seed=4, max_steps=2000, agent=AgentConfig(health=100, risk_range=(0.1, 0.9), perception_range=5, communication_range=5, strategies={'nearest_exit': 10, 'safest_exit': 10, 'least_crowded_exit': 10}), family=FamilyConfig(num_families=6, min_size=2, max_size=3, rescue_timeout=30), fire=FireConfig(fire_spread_prob=0.6, smoke_spread_prob=0.3, fire_interval=5, smoke_interval=4, smoke_damage=2, fire_damage=50), age_min=18, age_max=80, speed_young=1.0, speed_old=0.5)",28,1,1,85,27,98.0,0.9333333333333333,0,0,19,escaped,100,14,1,74,0.16375193457352805,least_crowded_exit,,29,15,0,0,0,22,False,14,1
4,0,34,"SimulationConfig(layout_path='room_layouts/supermarket3.txt', num_agents=30, num_communicative=30, seed=4, max_steps=2000, agent=AgentConfig(health=100, risk_range=(0.1, 0.9), perception_range=5, communication_range=5, strategies={'nearest_exit': 10, 'safest_exit': 10, 'least_crowded_exit': 10}), family=FamilyConfig(num_families=6, min_size=2, max_size=3, rescue_timeout=30), fire=FireConfig(fire_spread_prob=0.6, smoke_spread_prob=0.3, fire_interval=5, smoke_interval=4, smoke_damage=2, fire_damage=50), age_min=18, age_max=80, speed_young=1.0, speed_old=0.5)",28,1,1,85,27,98.0,0.9333333333333333,0,0,24,escaped,100,14,18,68,0.40492642048211513,safest_exit,,10,5,0,0,0,7,False,14,18
4,0,34,"SimulationConfig(layout_path='room_layouts/supermarket3.txt', num_agents=30, num_communicative=30, seed=4, max_steps=2000, agent=AgentConfig(health=100, risk_range=(0.1, 0.9), perception_range=5, communication_range=5, strategies={'nearest_exit': 10, 'safest_exit': 10, 'least_crowded_exit': 10}), family=FamilyConfig(num_families=6, min_size=2, max_size=3, rescue_timeout=30), fire=FireConfig(fire_spread_prob=0.6, smoke_spread_prob=0.3, fire_interval=5, smoke_interval=4, smoke_damage=2, fire_damage=50), age_min=18, age_max=80, speed_young=1.0, speed_old=0.5)",28,1,1,85,27,98.0,0.9333333333333333,0,0,16,escaped,100,14,1,73,0.4910649809885398,least_crowded_exit,1.0,1,0,0,0,0,1,False,14,1
4,0,34,"SimulationConfig(layout_path='room_layouts/supermarket3.txt', num_agents=30, num_communicative=30, seed=4, max_steps=2000, agent=AgentConfig(health=100, risk_range=(0.1, 0.9), perception_range=5, communication_range=5, strategies={'nearest_exit': 10, 'safest_exit': 10, 'least_crowded_exit': 10}), family=FamilyConfig(num_families=6, min_size=2, max_size=3, rescue_timeout=30), fire=FireConfig(fire_spread_prob=0.6, smoke_spread_prob=0.3, fire_interval=5, smoke_interval=4, smoke_damage=2, fire_damage=50), age_min=18, age_max=80, speed_young=1.0, speed_old=0.5)",28,1,1,85,27,98.0,0.9333333333333333,0,0,4,escaped,100,14,1,74,0.11048822170501352,nearest_exit,,10,5,0,0,0,8,False,14,1
4,0,34,"SimulationConfig(layout_path='room_layouts/supermarket3.txt', num_agents=30, num_communicative=30, seed=4, max_steps=2000, agent=AgentConfig(health=100, risk_range=(0.1, 0.9), perception_range=5, communication_range=5, strategies={'nearest_exit': 10, 'safest_exit': 10, 'least_crowded_exit': 10}), family=FamilyConfig(num_families=6, min_size=2, max_size=3, rescue_timeout=30), fire=FireConfig(fire_spread_prob=0.6, smoke_spread_prob=0.3, fire_interval=5, smoke_interval=4, smoke_damage=2, fire_damage=50), age_min=18, age_max=80, speed_young=1.0, speed_old=0.5)",28,1,1,85,27,98.0,0.9333333333333333,0,0,29,escaped,100,14,1,69,0.8326043165979489,safest_exit,,10,5,0,0,0,9,False,14,1
4,0,34,"SimulationConfig(layout_path='room_layouts/supermarket3.txt', num_agents=30, num_communicative=30, seed=4, max_steps=2000, agent=AgentConfig(health=100, risk_range=(0.1, 0.9), perception_range=5, communication_range=5, strategies={'nearest_exit': 10, 'safest_exit': 10, 'least_crowded_exit': 10}), family=FamilyConfig(num_families=6, min_size=2, max_size=3, rescue_timeout=30), fire=FireConfig(fire_spread_prob=0.6, smoke_spread_prob=0.3, fire_interval=5, smoke_interval=4, smoke_damage=2, fire_damage=50), age_min=18, age_max=80, speed_young=1.0, speed_old=0.5)",28,1,1,85,27,98.0,0.9333333333333333,0,0,21,escaped,100,1,18,40,0.3375507583480415,safest_exit,,15,12,0,0,0,6,False,1,18
4,0,34,"SimulationConfig(layout_path='room_layouts/supermarket3.txt', num_agents=30, num_communicative=30, seed=4, max_steps=2000, agent=AgentConfig(health=100, risk_range=(0.1, 0.9), perception_range=5, communication_range=5, strategies={'nearest_exit': 10, 'safest_exit': 10, 'least_crowded_exit': 10}), family=FamilyConfig(num_families=6, min_size=2, max_size=3, rescue_timeout=30), fire=FireConfig(fire_spread_prob=0.6, smoke_spread_prob=0.3, fire_interval=5, smoke_interval=4, smoke_damage=2, fire_damage=50), age_min=18, age_max=80, speed_young=1.0, speed_old=0.5)",28,1,1,85,27,98.0,0.9333333333333333,0,0,23,escaped,100,14,18,47,0.8678944083653609,nearest_exit,,3,2,0,0,0,2,False,14,18
4,0,34,"SimulationConfig(layout_path='room_layouts/supermarket3.txt', num_agents=30, num_communicative=30, seed=4, max_steps=2000, agent=AgentConfig(health=100, risk_range=(0.1, 0.9), perception_range=5, communication_range=5, strategies={'nearest_exit': 10, 'safest_exit': 10, 'least_crowded_exit': 10}), family=FamilyConfig(num_families=6, min_size=2, max_size=3, rescue_timeout=30), fire=FireConfig(fire_spread_prob=0.6, smoke_spread_prob=0.3, fire_interval=5, smoke_interval=4, smoke_damage=2, fire_damage=50), age_min=18, age_max=80, speed_young=1.0, speed_old=0.5)",28,1,1,85,27,98.0,0.9333333333333333,0,0,10,escaped,100,14,1,39,0.6371854341523524,nearest_exit,,22,18,0,0,0,17,False,14,1
4,0,34,"SimulationConfig(layout_path='room_layouts/supermarket3.txt', num_agents=30, num_communicative=30, seed=4, max_steps=2000, agent=AgentConfig(health=100, risk_range=(0.1, 0.9), perception_range=5, communication_range=5, strategies={'nearest_exit': 10, 'safest_exit': 10, 'least_crowded_exit': 10}), family=FamilyConfig(num_families=6, min_size=2, max_size=3, rescue_timeout=30), fire=FireConfig(fire_spread_prob=0.6, smoke_spread_prob=0.3, fire_interval=5, smoke_interval=4, smoke_damage=2, fire_damage=50), age_min=18, age_max=80, speed_young=1.0, speed_old=0.5)",28,1,1,85,27,98.0,0.9333333333333333,0,0,25,escaped,100,14,18,42,0.8812539536426626,nearest_exit,5.0,13,10,0,0,0,9,False,14,18
4,0,34,"SimulationConfig(layout_path='room_layouts/supermarket3.txt', num_agents=30, num_communicative=30, seed=4, max_steps=2000, agent=AgentConfig(health=100, risk_range=(0.1, 0.9), perception_range=5, communication_range=5, strategies={'nearest_exit': 10, 'safest_exit': 10, 'least_crowded_exit': 10}), family=FamilyConfig(num_families=6, min_size=2, max_size=3, rescue_timeout=30), fire=FireConfig(fire_spread_prob=0.6, smoke_spread_prob=0.3, fire_interval=5, smoke_interval=4, smoke_damage=2, fire_damage=50), age_min=18, age_max=80, speed_young=1.0, speed_old=0.5)",28,1,1,85,27,98.0,0.9333333333333333,0,0,11,escaped,100,14,1,53,0.7547433489069344,nearest_exit,0.0,16,11,0,0,0,10,False,14,1
4,0,34,"SimulationConfig(layout_path='room_layouts/supermarket3.txt', num_agents=30, num_communicative=30, seed=4, max_steps=2000, agent=AgentConfig(health=100, risk_range=(0.1, 0.9), perception_range=5, communication_range=5, strategies={'nearest_exit': 10, 'safest_exit': 10, 'least_crowded_exit': 10}), family=FamilyConfig(num_families=6, min_size=2, max_size=3, rescue_timeout=30), fire=FireConfig(fire_spread_prob=0.6, smoke_spread_prob=0.3, fire_interval=5, smoke_interval=4, smoke_damage=2, fire_damage=50), age_min=18, age_max=80, speed_young=1.0, speed_old=0.5)",28,1,1,85,27,98.0,0.9333333333333333,0,0,14,escaped,100,1,18,20,0.12111476706855982,least_crowded_exit,2.0,13,12,0,0,0,7,False,1,18
4,0,34,"SimulationConfig(layout_path='room_layouts/supermarket3.txt', num_agents=30, num_communicative=30, seed=4, max_steps=2000, agent=AgentConfig(health=100, risk_range=(0.1, 0.9), perception_range=5, communication_range=5, strategies={'nearest_exit': 10, 'safest_exit': 10, 'least_crowded_exit': 10}), family=FamilyConfig(num_families=6, min_size=2, max_size=3, rescue_timeout=30), fire=FireConfig(fire_spread_prob=0.6, smoke_spread_prob=0.3, fire_interval=5, smoke_interval=4, smoke_damage=2, fire_damage=50), age_min=18, age_max=80, speed_young=1.0, speed_old=0.5)",28,1,1,85,27,98.0,0.9333333333333333,0,0,7,escaped,100,1,18,32,0.4048676900737158,least_crowded_exit,,11,9,0,0,0,7,False,1,18
4,0,34,"SimulationConfig(layout_path='room_layouts/supermarket3.txt', num_agents=30, num_communicative=30, seed=4, max_steps=2000, agent=AgentConfig(health=100, risk_range=(0.1, 0.9), perception_range=5, communication_range=5, strategies={'nearest_exit': 10, 'safest_exit': 10, 'least_crowded_exit': 10}), family=FamilyConfig(num_families=6, min_size=2, max_size=3, rescue_timeout=30), fire=FireConfig(fire_spread_prob=0.6, smoke_spread_prob=0.3, fire_interval=5, smoke_interval=4, smoke_damage=2, fire_damage=50), age_min=18, age_max=80, speed_young=1.0, speed_old=0.5)",28,1,1,85,27,98.0,0.9333333333333333,0,0,26,escaped,100,14,18,49,0.28696047519869605,safest_exit,2.0,12,8,0,0,0,9,True,14,18
4,0,34,"SimulationConfig(layout_path='room_layouts/supermarket3.txt', num_agents=30, num_communicative=30, seed=4, max_steps=2000, agent=AgentConfig(health=100, risk_range=(0.1, 0.9), perception_range=5, communication_range=5, strategies={'nearest_exit': 10, 'safest_exit': 10, 'least_crowded_exit': 10}), family=FamilyConfig(num_families=6, min_size=2, max_size=3, rescue_timeout=30), fire=FireConfig(fire_spread_prob=0.6, smoke_spread_prob=0.3, fire_interval=5, smoke_interval=4, smoke_damage=2, fire_damage=50), age_min=18, age_max=80, speed_young=1.0, speed_old=0.5)",28,1,1,85,27,98.0,0.9333333333333333,0,0,18,escaped,100,1,18,41,0.21100937152729182,least_crowded_exit,,1,0,0,0,0,2,False,1,18
4,0,34,"SimulationConfig(layout_path='room_layouts/supermarket3.txt', num_agents=30, num_communicative=30, seed=4, max_steps=2000, agent=AgentConfig(health=100, risk_range=(0.1, 0.9), perception_range=5, communication_range=5, strategies={'nearest_exit': 10, 'safest_exit': 10, 'least_crowded_exit': 10}), family=FamilyConfig(num_families=6, min_size=2, max_size=3, rescue_timeout=30), fire=FireConfig(fire_spread_prob=0.6, smoke_spread_prob=0.3, fire_interval=5, smoke_interval=4, smoke_damage=2, fire_damage=50), age_min=18, age_max=80, speed_young=1.0, speed_old=0.5)",28,1,1,85,27,98.0,0.9333333333333333,0,0,0,escaped,100,1,18,65,0.5553647486697629,safest_exit,,20,12,0,0,0,8,False,1,18
4,0,34,"SimulationConfig(layout_path='room_layouts/supermarket3.txt', num_agents=30, num_communicative=30, seed=4, max_steps=2000, agent=AgentConfig(health=100, risk_range=(0.1, 0.9), perception_range=5, communication_range=5, strategies={'nearest_exit': 10, 'safest_exit': 10, 'least_crowded_exit': 10}), family=FamilyConfig(num_families=6, min_size=2, max_size=3, rescue_timeout=30), fire=FireConfig(fire_spread_prob=0.6, smoke_spread_prob=0.3, fire_interval=5, smoke_interval=4, smoke_damage=2, fire_damage=50), age_min=18, age_max=80, speed_young=1.0, speed_old=0.5)",28,1,1,85,27,98.0,0.9333333333333333,0,0,3,escaped,48,14,18,28,0.26895620180584184,least_crowded_exit,5.0,29,23,0,1,1,10,True,14,18
4,0,34,"SimulationConfig(layout_path='room_layouts/supermarket3.txt', num_agents=30, num_communicative=30, seed=4, max_steps=2000, agent=AgentConfig(health=100, risk_range=(0.1, 0.9), perception_range=5, communication_range=5, strategies={'nearest_exit': 10, 'safest_exit': 10, 'least_crowded_exit': 10}), family=FamilyConfig(num_families=6, min_size=2, max_size=3, rescue_timeout=30), fire=FireConfig(fire_spread_prob=0.6, smoke_spread_prob=0.3, fire_interval=5, smoke_interval=4, smoke_damage=2, fire_damage=50), age_min=18, age_max=80, speed_young=1.0, speed_old=0.5)",28,1,1,85,27,98.0,0.9333333333333333,0,0,6,dead,0,10,10,68,0.747897873936709,safest_exit,3.0,-1,10,0,0,2,6,False,1,18
4,0,34,"SimulationConfig(layout_path='room_layouts/supermarket3.txt', num_agents=30, num_communicative=30, seed=4, max_steps=2000, agent=AgentConfig(health=100, risk_range=(0.1, 0.9), perception_range=5, communication_range=5, strategies={'nearest_exit': 10, 'safest_exit': 10, 'least_crowded_exit': 10}), family=FamilyConfig(num_families=6, min_size=2, max_size=3, rescue_timeout=30), fire=FireConfig(fire_spread_prob=0.6, smoke_spread_prob=0.3, fire_interval=5, smoke_interval=4, smoke_damage=2, fire_damage=50), age_min=18, age_max=80, speed_young=1.0, speed_old=0.5)",28,1,1,85,27,98.0,0.9333333333333333,0,0,2,evacuating,98,14,17,18,0.27483317135580326,least_crowded_exit,3.0,-1,29,0,1,0,7,True,14,18
4,0,34,"SimulationConfig(layout_path='room_layouts/supermarket3.txt', num_agents=30, num_communicative=30, seed=4, max_steps=2000, agent=AgentConfig(health=100, risk_range=(0.1, 0.9), perception_range=5, communication_range=5, strategies={'nearest_exit': 10, 'safest_exit': 10, 'least_crowded_exit': 10}), family=FamilyConfig(num_families=6, min_size=2, max_size=3, rescue_timeout=30), fire=FireConfig(fire_spread_prob=0.6, smoke_spread_prob=0.3, fire_interval=5, smoke_interval=4, smoke_damage=2, fire_damage=50), age_min=18, age_max=80, speed_young=1.0, speed_old=0.5)",28,1,1,85,27,98.0,0.9333333333333333,0,0,28,escaped,100,14,1,25,0.17609573648687749,nearest_exit,0.0,27,25,0,0,0,11,True,14,1
4,0,34,"SimulationConfig(layout_path='room_layouts/supermarket3.txt', num_agents=30, num_communicative=30, seed=4, max_steps=2000, agent=AgentConfig(health=100, risk_range=(0.1, 0.9), perception_range=5, communication_range=5, strategies={'nearest_exit': 10, 'safest_exit': 10, 'least_crowded_exit': 10}), family=FamilyConfig(num_families=6, min_size=2, max_size=3, rescue_timeout=30), fire=FireConfig(fire_spread_prob=0.6, smoke_spread_prob=0.3, fire_interval=5, smoke_interval=4, smoke_damage=2, fire_damage=50), age_min=18, age_max=80, speed_young=1.0, speed_old=0.5)",28,1,1,85,27,98.0,0.9333333333333333,0,0,5,escaped,100,14,1,43,0.3058712429755328,safest_exit,,7,5,0,0,0,5,False,14,1
4,0,34,"SimulationConfig(layout_path='room_layouts/supermarket3.txt', num_agents=30, num_communicative=30, seed=4, max_steps=2000, agent=AgentConfig(health=100, risk_range=(0.1, 0.9), perception_range=5, communication_range=5, strategies={'nearest_exit': 10, 'safest_exit': 10, 'least_crowded_exit': 10}), family=FamilyConfig(num_families=6, min_size=2, max_size=3, rescue_timeout=30), fire=FireConfig(fire_spread_prob=0.6, smoke_spread_prob=0.3, fire_interval=5, smoke_interval=4, smoke_damage=2, fire_damage=50), age_min=18, age_max=80, speed_young=1.0, speed_old=0.5)",28,1,1,85,27,98.0,0.9333333333333333,0,0,1,escaped,100,1,18,42,0.42298090414691536,safest_exit,,22,17,0,0,0,7,False,1,18
4,0,34,"SimulationConfig(layout_path='room_layouts/supermarket3.txt', num_agents=30, num_communicative=30, seed=4, max_steps=2000, agent=AgentConfig(health=100, risk_range=(0.1, 0.9), perception_range=5, communication_range=5, strategies={'nearest_exit': 10, 'safest_exit': 10, 'least_crowded_exit': 10}), family=FamilyConfig(num_families=6, min_size=2, max_size=3, rescue_timeout=30), fire=FireConfig(fire_spread_prob=0.6, smoke_spread_prob=0.3, fire_interval=5, smoke_interval=4, smoke_damage=2, fire_damage=50), age_min=18, age_max=80, speed_young=1.0, speed_old=0.5)",28,1,1,85,27,98.0,0.9333333333333333,0,0,17,escaped,100,14,18,67,0.30556117658689697,safest_exit,,4,2,0,0,0,2,False,14,18
4,0,34,"SimulationConfig(layout_path='room_layouts/supermarket3.txt', num_agents=30, num_communicative=30, seed=4, max_steps=2000, agent=AgentConfig(health=100, risk_range=(0.1, 0.9), perception_range=5, communication_range=5, strategies={'nearest_exit': 10, 'safest_exit': 10, 'least_crowded_exit': 10}), family=FamilyConfig(num_families=6, min_size=2, max_size=3, rescue_timeout=30), fire=FireConfig(fire_spread_prob=0.6, smoke_spread_prob=0.3, fire_interval=5, smoke_interval=4, smoke_damage=2, fire_damage=50), age_min=18, age_max=80, speed_young=1.0, speed_old=0.5)",28,1,1,85,27,98.0,0.9333333333333333,0,0,15,escaped,100,14,18,25,0.6563415801196506,nearest_exit,4.0,16,14,0,0,0,8,True,14,18
4,0,34,"SimulationConfig(layout_path='room_layouts/supermarket3.txt', num_agents=30, num_communicative=30, seed=4, max_steps=2000, agent=AgentConfig(health=100, risk_range=(0.1, 0.9), perception_range=5, communication_range=5, strategies={'nearest_exit': 10, 'safest_exit': 10, 'least_crowded_exit': 10}), family=FamilyConfig(num_families=6, min_size=2, max_size=3, rescue_timeout=30), fire=FireConfig(fire_spread_prob=0.6, smoke_spread_prob=0.3, fire_interval=5, smoke_interval=4, smoke_damage=2, fire_damage=50), age_min=18, age_max=80, speed_young=1.0, speed_old=0.5)",28,1,1,85,27,98.0,0.9333333333333333,0,0,20,escaped,100,14,1,18,0.5183890337052088,least_crowded_exit,3.0,21,21,0,0,0,10,False,14,1
4,0,34,"SimulationConfig(layout_path='room_layouts/supermarket3.txt', num_agents=30, num_communicative=30, seed=4, max_steps=2000, agent=AgentConfig(health=100, risk_range=(0.1, 0.9), perception_range=5, communication_range=5, strategies={'nearest_exit': 10, 'safest_exit': 10, 'least_crowded_exit': 10}), family=FamilyConfig(num_families=6, min_size=2, max_size=3, rescue_timeout=30), fire=FireConfig(fire_spread_prob=0.6, smoke_spread_prob=0.3, fire_interval=5, smoke_interval=4, smoke_damage=2, fire_damage=50), age_min=18, age_max=80, speed_young=1.0, speed_old=0.5)",28,1,1,85,27,98.0,0.9333333333333333,0,0,12,escaped,96,14,18,48,0.7188590871354187,nearest_exit,,15,11,0,2,0,8,False,14,18
4,0,34,"SimulationConfig(layout_path='room_layouts/supermarket3.txt', num_agents=30, num_communicative=30, seed=4, max_steps=2000, agent=AgentConfig(health=100, risk_range=(0.1, 0.9), perception_range=5, communication_range=5, strategies={'nearest_exit': 10, 'safest_exit': 10, 'least_crowded_exit': 10}), family=FamilyConfig(num_families=6, min_size=2, max_size=3, rescue_timeout=30), fire=FireConfig(fire_spread_prob=0.6, smoke_spread_prob=0.3, fire_interval=5, smoke_interval=4, smoke_damage=2, fire_damage=50), age_min=18, age_max=80, speed_young=1.0, speed_old=0.5)",28,1,1,85,27,98.0,0.9333333333333333,0,0,22,escaped,100,14,1,23,0.7620491807146947,least_crowded_exit,2.0,11,10,0,0,0,9,False,14,1
4,0,34,"SimulationConfig(layout_path='room_layouts/supermarket3.txt', num_agents=30, num_communicative=30, seed=4, max_steps=2000, agent=AgentConfig(health=100, risk_range=(0.1, 0.9), perception_range=5, communication_range=5, strategies={'nearest_exit': 10, 'safest_exit': 10, 'least_crowded_exit': 10}), family=FamilyConfig(num_families=6, min_size=2, max_size=3, rescue_timeout=30), fire=FireConfig(fire_spread_prob=0.6, smoke_spread_prob=0.3, fire_interval=5, smoke_interval=4, smoke_damage=2, fire_damage=50), age_min=18, age_max=80, speed_young=1.0, speed_old=0.5)",28,1,1,85,27,98.0,0.9333333333333333,0,0,8,escaped,100,14,18,74,0.5404867175424147,nearest_exit,,12,6,0,0,0,8,False,14,18
4,0,34,"SimulationConfig(layout_path='room_layouts/supermarket3.txt', num_agents=30, num_communicative=30, seed=4, max_steps=2000, agent=AgentConfig(health=100, risk_range=(0.1, 0.9), perception_range=5, communication_range=5, strategies={'nearest_exit': 10, 'safest_exit': 10, 'least_crowded_exit': 10}), family=FamilyConfig(num_families=6, min_size=2, max_size=3, rescue_timeout=30), fire=FireConfig(fire_spread_prob=0.6, smoke_spread_prob=0.3, fire_interval=5, smoke_interval=4, smoke_damage=2, fire_damage=50), age_min=18, age_max=80, speed_young=1.0, speed_old=0.5)",28,1,1,85,27,98.0,0.9333333333333333,0,0,27,escaped,100,14,1,43,0.7843797264473354,least_crowded_exit,,20,15,0,0,0,10,False,14,1
4,0,34,"SimulationConfig(layout_path='room_layouts/supermarket3.txt', num_agents=30, num_communicative=30, seed=4, max_steps=2000, agent=AgentConfig(health=100, risk_range=(0.1, 0.9), perception_range=5, communication_range=5, strategies={'nearest_exit': 10, 'safest_exit': 10, 'least_crowded_exit': 10}), family=FamilyConfig(num_families=6, min_size=2, max_size=3, rescue_timeout=30), fire=FireConfig(fire_spread_prob=0.6, smoke_spread_prob=0.3, fire_interval=5, smoke_interval=4, smoke_damage=2, fire_damage=50), age_min=18, age_max=80, speed_young=1.0, speed_old=0.5)",28,1,1,85,27,98.0,0.9333333333333333,0,0,13,escaped,100,1,18,46,0.8321878762627163,safest_exit,1.0,25,18,0,0,0,10,True,1,18
